{
"type": "FeatureCollection",
"name": "candidate_positions_final",
"crs": { "type": "name", "properties": { "name": "urn:ogc:def:crs:OGC:1.3:CRS84" } },
"features": [
{ "type": "Feature", "properties": { "name": "Arihant Heart and Surgical Hospital", "type": "hospital", "candidate_id": "CAND_0000", "ward_code": "R/C" }, "geometry": { "type": "Point", "coordinates": [ 72.8666469, 19.2240612 ] } },
{ "type": "Feature", "properties": { "name": "Charak Clinic Nursing Home", "type": "hospital", "candidate_id": "CAND_0001", "ward_code": "D" }, "geometry": { "type": "Point", "coordinates": [ 72.8189832, 18.9519338 ] } },
{ "type": "Feature", "properties": { "name": "Dalvi Plus", "type": "hospital", "candidate_id": "CAND_0002", "ward_code": "G/N" }, "geometry": { "type": "Point", "coordinates": [ 72.8415449, 19.046295 ] } },
{ "type": "Feature", "properties": { "name": "Doshi Nursing Home", "type": "hospital", "candidate_id": "CAND_0003", "ward_code": "N" }, "geometry": { "type": "Point", "coordinates": [ 72.9070116, 19.0796375 ] } },
{ "type": "Feature", "properties": { "name": "Dr Kiran Katar Clinic", "type": "hospital", "candidate_id": "CAND_0004", "ward_code": "F/N" }, "geometry": { "type": "Point", "coordinates": [ 72.8561288, 19.0176169 ] } },
{ "type": "Feature", "properties": { "name": "Dr. Ramesh Chaudhari", "type": "hospital", "candidate_id": "CAND_0005", "ward_code": "L" }, "geometry": { "type": "Point", "coordinates": [ 72.8776559, 19.0759837 ] } },
{ "type": "Feature", "properties": { "name": "Gokul Nursing Home and Iccu", "type": "hospital", "candidate_id": "CAND_0006", "ward_code": "P/S" }, "geometry": { "type": "Point", "coordinates": [ 72.8476718, 19.1738547 ] } },
{ "type": "Feature", "properties": { "name": "Kapadia Multi Speciality Hospital", "type": "hospital", "candidate_id": "CAND_0007", "ward_code": "P/S" }, "geometry": { "type": "Point", "coordinates": [ 72.8390592, 19.1630556 ] } },
{ "type": "Feature", "properties": { "name": "Laser Eye Surgery Center", "type": "hospital", "candidate_id": "CAND_0008", "ward_code": "H/W" }, "geometry": { "type": "Point", "coordinates": [ 72.8342113, 19.0599051 ] } },
{ "type": "Feature", "properties": { "name": "Marve Nursing Home", "type": "hospital", "candidate_id": "CAND_0009", "ward_code": "P/N" }, "geometry": { "type": "Point", "coordinates": [ 72.8105333, 19.1963422 ] } },
{ "type": "Feature", "properties": { "name": "Mauli Hospital", "type": "hospital", "candidate_id": "CAND_0010", "ward_code": "R/N" }, "geometry": { "type": "Point", "coordinates": [ 72.8672448, 19.2539332 ] } },
{ "type": "Feature", "properties": { "name": "Phiroze M.Dastoor and Co", "type": "hospital", "candidate_id": "CAND_0012", "ward_code": "A" }, "geometry": { "type": "Point", "coordinates": [ 72.8343567, 18.9380988 ] } },
{ "type": "Feature", "properties": { "name": "Sanjawalas Maternity and Gynacologist", "type": "hospital", "candidate_id": "CAND_0014", "ward_code": "K/E" }, "geometry": { "type": "Point", "coordinates": [ 72.8563994, 19.0963781 ] } },
{ "type": "Feature", "properties": { "name": "Shree Arihant Eye Care Centre", "type": "hospital", "candidate_id": "CAND_0015", "ward_code": "R/N" }, "geometry": { "type": "Point", "coordinates": [ 72.8571396, 19.2550851 ] } },
{ "type": "Feature", "properties": { "name": "Shreeji Hospital", "type": "hospital", "candidate_id": "CAND_0016", "ward_code": "N" }, "geometry": { "type": "Point", "coordinates": [ 72.9022333, 19.0834108 ] } },
{ "type": "Feature", "properties": { "name": "Shroff Eye Clinic", "type": "hospital", "candidate_id": "CAND_0017", "ward_code": "C" }, "geometry": { "type": "Point", "coordinates": [ 72.8228706, 18.9435836 ] } },
{ "type": "Feature", "properties": { "name": "Smt. Kamladevi Gauridutt Mittal Ayurvedic Hosp", "type": "hospital", "candidate_id": "CAND_0018", "ward_code": "K/E" }, "geometry": { "type": "Point", "coordinates": [ 72.8500559, 19.1055042 ] } },
{ "type": "Feature", "properties": { "name": "Dholkawalla Maternity Home", "type": "hospital", "candidate_id": "CAND_0019", "ward_code": "B" }, "geometry": { "type": "Point", "coordinates": [ 72.8340598, 18.952263 ] } },
{ "type": "Feature", "properties": { "name": "Brahman Sabha, Mumbai. Mhaskar Gruh And General Nu", "type": "hospital", "candidate_id": "CAND_0020", "ward_code": "D" }, "geometry": { "type": "Point", "coordinates": [ 72.8190671, 18.9575324 ] } },
{ "type": "Feature", "properties": { "name": "Chhaya Surgical Home", "type": "hospital", "candidate_id": "CAND_0021", "ward_code": "R/N" }, "geometry": { "type": "Point", "coordinates": [ 72.8509056, 19.2461644 ] } },
{ "type": "Feature", "properties": { "name": "Endocrine Metabolic Laboratory", "type": "hospital", "candidate_id": "CAND_0022", "ward_code": "D" }, "geometry": { "type": "Point", "coordinates": [ 72.8151877, 18.956084 ] } },
{ "type": "Feature", "properties": { "name": "Trinity Clinic Pvt.Ltd", "type": "hospital", "candidate_id": "CAND_0023", "ward_code": "D" }, "geometry": { "type": "Point", "coordinates": [ 72.8239724, 18.9570051 ] } },
{ "type": "Feature", "properties": { "name": "Indu Clinic", "type": "hospital", "candidate_id": "CAND_0024", "ward_code": "A" }, "geometry": { "type": "Point", "coordinates": [ 72.8330646, 18.9276348 ] } },
{ "type": "Feature", "properties": { "name": "Inhs Asvini", "type": "hospital", "candidate_id": "CAND_0025", "ward_code": "A" }, "geometry": { "type": "Point", "coordinates": [ 72.8152995, 18.9002475 ] } },
{ "type": "Feature", "properties": { "name": "Sujata Medicare (Sujata Gyanaecology Clinic)", "type": "hospital", "candidate_id": "CAND_0026", "ward_code": "K/W" }, "geometry": { "type": "Point", "coordinates": [ 72.8464601, 19.1198548 ] } },
{ "type": "Feature", "properties": { "name": "Kataria Eye Clinic", "type": "hospital", "candidate_id": "CAND_0028", "ward_code": "A" }, "geometry": { "type": "Point", "coordinates": [ 72.8294948, 18.9190478 ] } },
{ "type": "Feature", "properties": { "name": "Aayush Eye Clinic", "type": "hospital", "candidate_id": "CAND_0029", "ward_code": "M/W" }, "geometry": { "type": "Point", "coordinates": [ 72.8989478, 19.0597308 ] } },
{ "type": "Feature", "properties": { "name": "Bombay City Eye Institute and Research Center", "type": "hospital", "candidate_id": "CAND_0030", "ward_code": "D" }, "geometry": { "type": "Point", "coordinates": [ 72.8081781, 18.956136 ] } },
{ "type": "Feature", "properties": { "name": "Dr Galas Nursing Home", "type": "hospital", "candidate_id": "CAND_0031", "ward_code": "D" }, "geometry": { "type": "Point", "coordinates": [ 72.8145383, 18.9591784 ] } },
{ "type": "Feature", "properties": { "name": "Dr. Nisars Eye Care Centre", "type": "hospital", "candidate_id": "CAND_0032", "ward_code": "D" }, "geometry": { "type": "Point", "coordinates": [ 72.8161899, 18.9636754 ] } },
{ "type": "Feature", "properties": { "name": "Dr.Mangeshikar Clinic", "type": "hospital", "candidate_id": "CAND_0033", "ward_code": "D" }, "geometry": { "type": "Point", "coordinates": [ 72.8103742, 18.9602406 ] } },
{ "type": "Feature", "properties": { "name": "Eye-Q Vision Care", "type": "hospital", "candidate_id": "CAND_0034", "ward_code": "D" }, "geometry": { "type": "Point", "coordinates": [ 72.8088794, 18.95753 ] } },
{ "type": "Feature", "properties": { "name": "Mangeshikar Access Gynecology and Infertility Center", "type": "hospital", "candidate_id": "CAND_0035", "ward_code": "D" }, "geometry": { "type": "Point", "coordinates": [ 72.8122626, 18.9591937 ] } },
{ "type": "Feature", "properties": { "name": "N M Medical Centre", "type": "hospital", "candidate_id": "CAND_0036", "ward_code": "D" }, "geometry": { "type": "Point", "coordinates": [ 72.8103199, 18.9576029 ] } },
{ "type": "Feature", "properties": { "name": "New Babulnath Ent Clinic", "type": "hospital", "candidate_id": "CAND_0037", "ward_code": "D" }, "geometry": { "type": "Point", "coordinates": [ 72.8147262, 18.9653852 ] } },
{ "type": "Feature", "properties": { "name": "Palshetkar Patil Nursing Home", "type": "hospital", "candidate_id": "CAND_0038", "ward_code": "D" }, "geometry": { "type": "Point", "coordinates": [ 72.8183134, 18.9537342 ] } },
{ "type": "Feature", "properties": { "name": "Samyak Drishti Eye Centre", "type": "hospital", "candidate_id": "CAND_0039", "ward_code": "D" }, "geometry": { "type": "Point", "coordinates": [ 72.8133985, 18.9563549 ] } },
{ "type": "Feature", "properties": { "name": "The Vascular Clinic", "type": "hospital", "candidate_id": "CAND_0040", "ward_code": "D" }, "geometry": { "type": "Point", "coordinates": [ 72.8110314, 18.9586748 ] } },
{ "type": "Feature", "properties": { "name": "Nagori Clinic And Nursing Home", "type": "hospital", "candidate_id": "CAND_0041", "ward_code": "E" }, "geometry": { "type": "Point", "coordinates": [ 72.8283084, 18.9688538 ] } },
{ "type": "Feature", "properties": { "name": "Sadhu-Kamal Eye Hospital", "type": "hospital", "candidate_id": "CAND_0042", "ward_code": "D" }, "geometry": { "type": "Point", "coordinates": [ 72.818904, 18.965987 ] } },
{ "type": "Feature", "properties": { "name": "Swastik Nursing Home", "type": "hospital", "candidate_id": "CAND_0043", "ward_code": "M/W" }, "geometry": { "type": "Point", "coordinates": [ 72.8892082, 19.0552812 ] } },
{ "type": "Feature", "properties": { "name": "M.H. Saboo Siddique Maternity and General Hospital - Masjid", "type": "hospital", "candidate_id": "CAND_0044", "ward_code": "B" }, "geometry": { "type": "Point", "coordinates": [ 72.8382547, 18.9506004 ] } },
{ "type": "Feature", "properties": { "name": "Gokul Hospital", "type": "hospital", "candidate_id": "CAND_0045", "ward_code": "K/W" }, "geometry": { "type": "Point", "coordinates": [ 72.8372689, 19.1330996 ] } },
{ "type": "Feature", "properties": { "name": "Prince Aly Khan Hospital", "type": "hospital", "candidate_id": "CAND_0046", "ward_code": "E" }, "geometry": { "type": "Point", "coordinates": [ 72.8357489, 18.970835 ] } },
{ "type": "Feature", "properties": { "name": "Sankalp Eye Care Centre", "type": "hospital", "candidate_id": "CAND_0047", "ward_code": "G/S" }, "geometry": { "type": "Point", "coordinates": [ 72.8310679, 18.9927476 ] } },
{ "type": "Feature", "properties": { "name": "Dr G M Bhargava Clinic", "type": "hospital", "candidate_id": "CAND_0048", "ward_code": "F/S" }, "geometry": { "type": "Point", "coordinates": [ 72.83864, 18.99833 ] } },
{ "type": "Feature", "properties": { "name": "Dr.Zankars Diagnostic Centre", "type": "hospital", "candidate_id": "CAND_0049", "ward_code": "F/S" }, "geometry": { "type": "Point", "coordinates": [ 72.8364244, 18.9952875 ] } },
{ "type": "Feature", "properties": { "name": "K B H B Charitable Ophthalmic and E.N.T Hospital", "type": "hospital", "candidate_id": "CAND_0050", "ward_code": "F/S" }, "geometry": { "type": "Point", "coordinates": [ 72.8415793, 19.0021567 ] } },
{ "type": "Feature", "properties": { "name": "K B Haji Bachooali Charitable Ophthalmic and E N T H", "type": "hospital", "candidate_id": "CAND_0051", "ward_code": "F/S" }, "geometry": { "type": "Point", "coordinates": [ 72.8393973, 19.003095 ] } },
{ "type": "Feature", "properties": { "name": "Municipal Corporation Of Greater Mumbai", "type": "hospital", "candidate_id": "CAND_0052", "ward_code": "N" }, "geometry": { "type": "Point", "coordinates": [ 72.9138503, 19.0857348 ] } },
{ "type": "Feature", "properties": { "name": "N S Optical Contact Lens Clinic Ghatkopar", "type": "hospital", "candidate_id": "CAND_0053", "ward_code": "E" }, "geometry": { "type": "Point", "coordinates": [ 72.835737, 18.9840396 ] } },
{ "type": "Feature", "properties": { "name": "Parel Institute Of Orthopaedic Specialities", "type": "hospital", "candidate_id": "CAND_0054", "ward_code": "F/S" }, "geometry": { "type": "Point", "coordinates": [ 72.8456268, 19.004888 ] } },
{ "type": "Feature", "properties": { "name": "Harish Nursing Home", "type": "hospital", "candidate_id": "CAND_0055", "ward_code": "G/S" }, "geometry": { "type": "Point", "coordinates": [ 72.831223, 18.991758 ] } },
{ "type": "Feature", "properties": { "name": "Jain Diagnotic Centre", "type": "hospital", "candidate_id": "CAND_0056", "ward_code": "G/S" }, "geometry": { "type": "Point", "coordinates": [ 72.8315014, 18.9915925 ] } },
{ "type": "Feature", "properties": { "name": "Akshi Eye Centre", "type": "hospital", "candidate_id": "CAND_0057", "ward_code": "F/N" }, "geometry": { "type": "Point", "coordinates": [ 72.8480251, 19.0187123 ] } },
{ "type": "Feature", "properties": { "name": "Ashirvad Clinic(Dr.Vandana Walvekar)", "type": "hospital", "candidate_id": "CAND_0058", "ward_code": "G/N" }, "geometry": { "type": "Point", "coordinates": [ 72.8424178, 19.021324 ] } },
{ "type": "Feature", "properties": { "name": "Asmi Arthroscopy and Sports Medicine Institute", "type": "hospital", "candidate_id": "CAND_0059", "ward_code": "F/N" }, "geometry": { "type": "Point", "coordinates": [ 72.848349, 19.019119 ] } },
{ "type": "Feature", "properties": { "name": "B N D Onco Center", "type": "hospital", "candidate_id": "CAND_0060", "ward_code": "F/N" }, "geometry": { "type": "Point", "coordinates": [ 72.847592, 19.016976 ] } },
{ "type": "Feature", "properties": { "name": "Dr Khandeparkars Nursing Home", "type": "hospital", "candidate_id": "CAND_0061", "ward_code": "F/N" }, "geometry": { "type": "Point", "coordinates": [ 72.8467661, 19.0194936 ] } },
{ "type": "Feature", "properties": { "name": "Dr Kulkarni Hospital", "type": "hospital", "candidate_id": "CAND_0062", "ward_code": "K/E" }, "geometry": { "type": "Point", "coordinates": [ 72.8566074, 19.1365997 ] } },
{ "type": "Feature", "properties": { "name": "Dr R M Jangada Clinic Dadar", "type": "hospital", "candidate_id": "CAND_0063", "ward_code": "F/S" }, "geometry": { "type": "Point", "coordinates": [ 72.8427525, 19.0146087 ] } },
{ "type": "Feature", "properties": { "name": "Dr. Karmarkar Hospital", "type": "hospital", "candidate_id": "CAND_0064", "ward_code": "F/S" }, "geometry": { "type": "Point", "coordinates": [ 72.8431146, 19.0160002 ] } },
{ "type": "Feature", "properties": { "name": "Elixir Hospital", "type": "hospital", "candidate_id": "CAND_0065", "ward_code": "F/N" }, "geometry": { "type": "Point", "coordinates": [ 72.848917, 19.0187882 ] } },
{ "type": "Feature", "properties": { "name": "G S B S Medical Trust", "type": "hospital", "candidate_id": "CAND_0066", "ward_code": "F/S" }, "geometry": { "type": "Point", "coordinates": [ 72.8426858, 19.0099129 ] } },
{ "type": "Feature", "properties": { "name": "Krishna Cardiac Care Centre", "type": "hospital", "candidate_id": "CAND_0067", "ward_code": "F/N" }, "geometry": { "type": "Point", "coordinates": [ 72.8534206, 19.0228246 ] } },
{ "type": "Feature", "properties": { "name": "Laud Clinic", "type": "hospital", "candidate_id": "CAND_0068", "ward_code": "F/N" }, "geometry": { "type": "Point", "coordinates": [ 72.8487169, 19.020546 ] } },
{ "type": "Feature", "properties": { "name": "Navneet Jain Health Center", "type": "hospital", "candidate_id": "CAND_0069", "ward_code": "G/N" }, "geometry": { "type": "Point", "coordinates": [ 72.8384577, 19.0207984 ] } },
{ "type": "Feature", "properties": { "name": "Shree Samarth Nursing Home", "type": "hospital", "candidate_id": "CAND_0070", "ward_code": "E" }, "geometry": { "type": "Point", "coordinates": [ 72.8280994, 18.9635287 ] } },
{ "type": "Feature", "properties": { "name": "Dr. Fonsecas Maternity and Surgical Home", "type": "hospital", "candidate_id": "CAND_0071", "ward_code": "G/N" }, "geometry": { "type": "Point", "coordinates": [ 72.8453359, 19.0414516 ] } },
{ "type": "Feature", "properties": { "name": "Dr. Mathure`S Surgical Clinic", "type": "hospital", "candidate_id": "CAND_0072", "ward_code": "G/N" }, "geometry": { "type": "Point", "coordinates": [ 72.8404432, 19.0351534 ] } },
{ "type": "Feature", "properties": { "name": "Dr.Koppikars Family Clinic", "type": "hospital", "candidate_id": "CAND_0073", "ward_code": "G/N" }, "geometry": { "type": "Point", "coordinates": [ 72.8463712, 19.0334876 ] } },
{ "type": "Feature", "properties": { "name": "Gupte Maternity and Surgical Home", "type": "hospital", "candidate_id": "CAND_0074", "ward_code": "G/N" }, "geometry": { "type": "Point", "coordinates": [ 72.8398724, 19.0298134 ] } },
{ "type": "Feature", "properties": { "name": "Netra Retina And Laser Centre", "type": "hospital", "candidate_id": "CAND_0075", "ward_code": "G/N" }, "geometry": { "type": "Point", "coordinates": [ 72.8436859, 19.0353124 ] } },
{ "type": "Feature", "properties": { "name": "North Bombay Clinic Surgical and Maternity Home", "type": "hospital", "candidate_id": "CAND_0076", "ward_code": "G/N" }, "geometry": { "type": "Point", "coordinates": [ 72.8423219, 19.0338576 ] } },
{ "type": "Feature", "properties": { "name": "P D Hinduja National Hospital and Medical Research Centre", "type": "hospital", "candidate_id": "CAND_0077", "ward_code": "G/N" }, "geometry": { "type": "Point", "coordinates": [ 72.8390644, 19.0374901 ] } },
{ "type": "Feature", "properties": { "name": "Rajvi Clinic", "type": "hospital", "candidate_id": "CAND_0078", "ward_code": "G/N" }, "geometry": { "type": "Point", "coordinates": [ 72.8382547, 19.0281662 ] } },
{ "type": "Feature", "properties": { "name": "S.L. Raheja Hospital", "type": "hospital", "candidate_id": "CAND_0079", "ward_code": "G/N" }, "geometry": { "type": "Point", "coordinates": [ 72.8401043, 19.032012 ] } },
{ "type": "Feature", "properties": { "name": "Shree Saraswati Nursing Home", "type": "hospital", "candidate_id": "CAND_0080", "ward_code": "G/N" }, "geometry": { "type": "Point", "coordinates": [ 72.8453376, 19.0310674 ] } },
{ "type": "Feature", "properties": { "name": "Triveni Nursing Home", "type": "hospital", "candidate_id": "CAND_0081", "ward_code": "G/N" }, "geometry": { "type": "Point", "coordinates": [ 72.8379652, 19.0313867 ] } },
{ "type": "Feature", "properties": { "name": "Ayurseva Hospital", "type": "hospital", "candidate_id": "CAND_0082", "ward_code": "G/N" }, "geometry": { "type": "Point", "coordinates": [ 72.8543168, 19.0463778 ] } },
{ "type": "Feature", "properties": { "name": "Bava Medical Centre", "type": "hospital", "candidate_id": "CAND_0083", "ward_code": "G/N" }, "geometry": { "type": "Point", "coordinates": [ 72.8508504, 19.0402084 ] } },
{ "type": "Feature", "properties": { "name": "Dhanwantari Nursing Home and Diagnostic Centre", "type": "hospital", "candidate_id": "CAND_0084", "ward_code": "G/N" }, "geometry": { "type": "Point", "coordinates": [ 72.8527492, 19.0390744 ] } },
{ "type": "Feature", "properties": { "name": "Dr. Sushil D Nakhates Child Care Centre and Shruti Nursing Home", "type": "hospital", "candidate_id": "CAND_0085", "ward_code": "G/N" }, "geometry": { "type": "Point", "coordinates": [ 72.857092, 19.0480285 ] } },
{ "type": "Feature", "properties": { "name": "Nirmal Clinic", "type": "hospital", "candidate_id": "CAND_0086", "ward_code": "G/S" }, "geometry": { "type": "Point", "coordinates": [ 72.8290456, 18.9872015 ] } },
{ "type": "Feature", "properties": { "name": "R R A Podar Central Research Institute", "type": "hospital", "candidate_id": "CAND_0087", "ward_code": "G/S" }, "geometry": { "type": "Point", "coordinates": [ 72.8169357, 18.9997784 ] } },
{ "type": "Feature", "properties": { "name": "Reliance Life Sciences Pvt. Ltd", "type": "hospital", "candidate_id": "CAND_0088", "ward_code": "G/S" }, "geometry": { "type": "Point", "coordinates": [ 72.8206853, 19.0062696 ] } },
{ "type": "Feature", "properties": { "name": "Saarthi Hospital", "type": "hospital", "candidate_id": "CAND_0089", "ward_code": "S" }, "geometry": { "type": "Point", "coordinates": [ 72.9315251, 19.1509879 ] } },
{ "type": "Feature", "properties": { "name": "The Bombay Mothers and Children Welfare Societys", "type": "hospital", "candidate_id": "CAND_0090", "ward_code": "G/S" }, "geometry": { "type": "Point", "coordinates": [ 72.8192367, 19.0031932 ] } },
{ "type": "Feature", "properties": { "name": "Dr Trivedis Maternity and Nursing Home", "type": "hospital", "candidate_id": "CAND_0091", "ward_code": "N" }, "geometry": { "type": "Point", "coordinates": [ 72.9057813, 19.0792247 ] } },
{ "type": "Feature", "properties": { "name": "Dr V T Shah Diagnostic Centre and Clinic", "type": "hospital", "candidate_id": "CAND_0092", "ward_code": "F/N" }, "geometry": { "type": "Point", "coordinates": [ 72.8529909, 19.023947 ] } },
{ "type": "Feature", "properties": { "name": "Dr.Chhatres Maternity and Surgical Nursing Home", "type": "hospital", "candidate_id": "CAND_0093", "ward_code": "F/N" }, "geometry": { "type": "Point", "coordinates": [ 72.8523958, 19.0252685 ] } },
{ "type": "Feature", "properties": { "name": "Icon The Eye Consultants Eye and Laser Centre", "type": "hospital", "candidate_id": "CAND_0094", "ward_code": "F/N" }, "geometry": { "type": "Point", "coordinates": [ 72.854459, 19.0336548 ] } },
{ "type": "Feature", "properties": { "name": "Lions Club Of East Bombay", "type": "hospital", "candidate_id": "CAND_0095", "ward_code": "G/S" }, "geometry": { "type": "Point", "coordinates": [ 72.820598, 19.0099 ] } },
{ "type": "Feature", "properties": { "name": "Siddhamrut Clinic", "type": "hospital", "candidate_id": "CAND_0097", "ward_code": "F/N" }, "geometry": { "type": "Point", "coordinates": [ 72.851028, 19.022637 ] } },
{ "type": "Feature", "properties": { "name": "Visaria Nursing Home - Matunga", "type": "hospital", "candidate_id": "CAND_0098", "ward_code": "G/N" }, "geometry": { "type": "Point", "coordinates": [ 72.8469971, 19.0304554 ] } },
{ "type": "Feature", "properties": { "name": "Bombay Hospital and Medical Research Centre", "type": "hospital", "candidate_id": "CAND_0099", "ward_code": "A" }, "geometry": { "type": "Point", "coordinates": [ 72.8286535, 18.9389181 ] } },
{ "type": "Feature", "properties": { "name": "Zain Eye Care", "type": "hospital", "candidate_id": "CAND_0100", "ward_code": "C" }, "geometry": { "type": "Point", "coordinates": [ 72.8237605, 18.9457243 ] } },
{ "type": "Feature", "properties": { "name": "Ashirwad Nursing Home", "type": "hospital", "candidate_id": "CAND_0101", "ward_code": "F/N" }, "geometry": { "type": "Point", "coordinates": [ 72.8597092, 19.0394894 ] } },
{ "type": "Feature", "properties": { "name": "Dr Savlas Child Care Centre", "type": "hospital", "candidate_id": "CAND_0102", "ward_code": "F/N" }, "geometry": { "type": "Point", "coordinates": [ 72.8663173, 19.0351454 ] } },
{ "type": "Feature", "properties": { "name": "Dr. Deosthaci's Eye Care Centre", "type": "hospital", "candidate_id": "CAND_0103", "ward_code": "F/N" }, "geometry": { "type": "Point", "coordinates": [ 72.8611975, 19.0397531 ] } },
{ "type": "Feature", "properties": { "name": "Dr.Patrawala`S Kalpana Nursing Home", "type": "hospital", "candidate_id": "CAND_0104", "ward_code": "L" }, "geometry": { "type": "Point", "coordinates": [ 72.8691602, 19.0516931 ] } },
{ "type": "Feature", "properties": { "name": "Endoscopy Asia", "type": "hospital", "candidate_id": "CAND_0105", "ward_code": "F/N" }, "geometry": { "type": "Point", "coordinates": [ 72.8596712, 19.0381054 ] } },
{ "type": "Feature", "properties": { "name": "Mata Lachmi Hospital", "type": "hospital", "candidate_id": "CAND_0107", "ward_code": "F/N" }, "geometry": { "type": "Point", "coordinates": [ 72.8601821, 19.0349625 ] } },
{ "type": "Feature", "properties": { "name": "Shri Vaishnav Seva Samaj Public Charitable Trust -", "type": "hospital", "candidate_id": "CAND_0108", "ward_code": "F/N" }, "geometry": { "type": "Point", "coordinates": [ 72.8618952, 19.0390214 ] } },
{ "type": "Feature", "properties": { "name": "Varun Cardiac Clinic", "type": "hospital", "candidate_id": "CAND_0109", "ward_code": "N" }, "geometry": { "type": "Point", "coordinates": [ 72.9051026, 19.082354 ] } },
{ "type": "Feature", "properties": { "name": "Amrutha Surgical And Maternity Home", "type": "hospital", "candidate_id": "CAND_0110", "ward_code": "N" }, "geometry": { "type": "Point", "coordinates": [ 72.908696, 19.0898792 ] } },
{ "type": "Feature", "properties": { "name": "Aryan Hospital and Iccu - Kurla-Mumbai", "type": "hospital", "candidate_id": "CAND_0111", "ward_code": "H/W" }, "geometry": { "type": "Point", "coordinates": [ 72.8412418, 19.0579437 ] } },
{ "type": "Feature", "properties": { "name": "Ashvini Maternity and Surgical Nursing Home", "type": "hospital", "candidate_id": "CAND_0112", "ward_code": "L" }, "geometry": { "type": "Point", "coordinates": [ 72.8825627, 19.0639898 ] } },
{ "type": "Feature", "properties": { "name": "Asha Surgical and Maternity Home Laparoscopy and Famil", "type": "hospital", "candidate_id": "CAND_0113", "ward_code": "G/S" }, "geometry": { "type": "Point", "coordinates": [ 72.8279973, 19.0158466 ] } },
{ "type": "Feature", "properties": { "name": "Fayth Clinic", "type": "hospital", "candidate_id": "CAND_0114", "ward_code": "G/S" }, "geometry": { "type": "Point", "coordinates": [ 72.8294379, 19.0137008 ] } },
{ "type": "Feature", "properties": { "name": "Punamiya Hospital", "type": "hospital", "candidate_id": "CAND_0115", "ward_code": "G/N" }, "geometry": { "type": "Point", "coordinates": [ 72.8357351, 19.0181462 ] } },
{ "type": "Feature", "properties": { "name": "Siddivinayak Healthcare Pvt Ltd", "type": "hospital", "candidate_id": "CAND_0116", "ward_code": "G/N" }, "geometry": { "type": "Point", "coordinates": [ 72.8378125, 19.0235976 ] } },
{ "type": "Feature", "properties": { "name": "Sidhivinayk Clinic", "type": "hospital", "candidate_id": "CAND_0117", "ward_code": "G/S" }, "geometry": { "type": "Point", "coordinates": [ 72.8299301, 19.0096924 ] } },
{ "type": "Feature", "properties": { "name": "Tirtha Surgical and Maternity Home", "type": "hospital", "candidate_id": "CAND_0118", "ward_code": "G/N" }, "geometry": { "type": "Point", "coordinates": [ 72.8357672, 19.0254538 ] } },
{ "type": "Feature", "properties": { "name": "Breach Candy Hospital Trust", "type": "hospital", "candidate_id": "CAND_0119", "ward_code": "D" }, "geometry": { "type": "Point", "coordinates": [ 72.804394, 18.972711 ] } },
{ "type": "Feature", "properties": { "name": "Doshi Eye Care", "type": "hospital", "candidate_id": "CAND_0120", "ward_code": "D" }, "geometry": { "type": "Point", "coordinates": [ 72.8095069, 18.9714675 ] } },
{ "type": "Feature", "properties": { "name": "Soonawala Clinic", "type": "hospital", "candidate_id": "CAND_0121", "ward_code": "D" }, "geometry": { "type": "Point", "coordinates": [ 72.8089613, 18.9678635 ] } },
{ "type": "Feature", "properties": { "name": "Balaji Hospital", "type": "hospital", "candidate_id": "CAND_0122", "ward_code": "E" }, "geometry": { "type": "Point", "coordinates": [ 72.8382547, 18.9821993 ] } },
{ "type": "Feature", "properties": { "name": "Dnyan Geeta Nursing Home", "type": "hospital", "candidate_id": "CAND_0123", "ward_code": "G/N" }, "geometry": { "type": "Point", "coordinates": [ 72.8372812, 19.0256197 ] } },
{ "type": "Feature", "properties": { "name": "Dr.Vaze Hospital", "type": "hospital", "candidate_id": "CAND_0124", "ward_code": "G/N" }, "geometry": { "type": "Point", "coordinates": [ 72.8365432, 19.0241157 ] } },
{ "type": "Feature", "properties": { "name": "Nerkar Surgical Clinic", "type": "hospital", "candidate_id": "CAND_0125", "ward_code": "G/N" }, "geometry": { "type": "Point", "coordinates": [ 72.8401024, 19.0163387 ] } },
{ "type": "Feature", "properties": { "name": "Shushrusha Citizens` Co-Op Hospital Ltd.", "type": "hospital", "candidate_id": "CAND_0126", "ward_code": "G/N" }, "geometry": { "type": "Point", "coordinates": [ 72.8397884, 19.0213255 ] } },
{ "type": "Feature", "properties": { "name": "Well Spring Dr Avinash Phadke Pathlab Clinic", "type": "hospital", "candidate_id": "CAND_0127", "ward_code": "G/N" }, "geometry": { "type": "Point", "coordinates": [ 72.8379211, 19.0242735 ] } },
{ "type": "Feature", "properties": { "name": "Rotunda Nursing Home", "type": "hospital", "candidate_id": "CAND_0128", "ward_code": "F/N" }, "geometry": { "type": "Point", "coordinates": [ 72.8580644, 19.0151285 ] } },
{ "type": "Feature", "properties": { "name": "Shobha Maternity and Surgical Home", "type": "hospital", "candidate_id": "CAND_0129", "ward_code": "D" }, "geometry": { "type": "Point", "coordinates": [ 72.8165727, 18.9655331 ] } },
{ "type": "Feature", "properties": { "name": "Aryan Hospital and Icu", "type": "hospital", "candidate_id": "CAND_0130", "ward_code": "M/E" }, "geometry": { "type": "Point", "coordinates": [ 72.9017603, 19.0097727 ] } },
{ "type": "Feature", "properties": { "name": "Dr Redkars Maternity and Nursing Home", "type": "hospital", "candidate_id": "CAND_0131", "ward_code": "T" }, "geometry": { "type": "Point", "coordinates": [ 72.9468948, 19.1822352 ] } },
{ "type": "Feature", "properties": { "name": "Nova Medical Centers Pvt Ltd", "type": "hospital", "candidate_id": "CAND_0132", "ward_code": "D" }, "geometry": { "type": "Point", "coordinates": [ 72.8122442, 18.9681499 ] } },
{ "type": "Feature", "properties": { "name": "Shetty Nursing Home (Shetty Health Services Pvt. Ltd.)", "type": "hospital", "candidate_id": "CAND_0133", "ward_code": "D" }, "geometry": { "type": "Point", "coordinates": [ 72.8128577, 18.9746477 ] } },
{ "type": "Feature", "properties": { "name": "Dr Gupta Clinic And Day Carecentre", "type": "hospital", "candidate_id": "CAND_0134", "ward_code": "H/W" }, "geometry": { "type": "Point", "coordinates": [ 72.8278871, 19.0743137 ] } },
{ "type": "Feature", "properties": { "name": "Genesis Speciality Center (Health-Check Up", "type": "hospital", "candidate_id": "CAND_0135", "ward_code": "F/S" }, "geometry": { "type": "Point", "coordinates": [ 72.8573828, 19.0088678 ] } },
{ "type": "Feature", "properties": { "name": "Jyoti Nursing Home", "type": "hospital", "candidate_id": "CAND_0136", "ward_code": "F/N" }, "geometry": { "type": "Point", "coordinates": [ 72.869804, 19.0283439 ] } },
{ "type": "Feature", "properties": { "name": "Aniket Nuring Home", "type": "hospital", "candidate_id": "CAND_0137", "ward_code": "S" }, "geometry": { "type": "Point", "coordinates": [ 72.9351934, 19.1316889 ] } },
{ "type": "Feature", "properties": { "name": "Ankur Maternity and Surgical Nursing Home", "type": "hospital", "candidate_id": "CAND_0138", "ward_code": "S" }, "geometry": { "type": "Point", "coordinates": [ 72.9359605, 19.1308769 ] } },
{ "type": "Feature", "properties": { "name": "Shaily Nursing Home", "type": "hospital", "candidate_id": "CAND_0139", "ward_code": "S" }, "geometry": { "type": "Point", "coordinates": [ 72.9350174, 19.1375536 ] } },
{ "type": "Feature", "properties": { "name": "Bombay City Hospital", "type": "hospital", "candidate_id": "CAND_0140", "ward_code": "M/E" }, "geometry": { "type": "Point", "coordinates": [ 72.9145327, 19.0493908 ] } },
{ "type": "Feature", "properties": { "name": "Dr. Tidke Hospital", "type": "hospital", "candidate_id": "CAND_0141", "ward_code": "M/E" }, "geometry": { "type": "Point", "coordinates": [ 72.930923, 19.051694 ] } },
{ "type": "Feature", "properties": { "name": "Ekta Nursing Home and Polyclinic", "type": "hospital", "candidate_id": "CAND_0142", "ward_code": "M/E" }, "geometry": { "type": "Point", "coordinates": [ 72.9272317, 19.0520628 ] } },
{ "type": "Feature", "properties": { "name": "Royal Nursing Home", "type": "hospital", "candidate_id": "CAND_0143", "ward_code": "M/E" }, "geometry": { "type": "Point", "coordinates": [ 72.9143346, 19.0489198 ] } },
{ "type": "Feature", "properties": { "name": "Shree Mahaveer Nursing Home - Govandi-Mumbai", "type": "hospital", "candidate_id": "CAND_0144", "ward_code": "M/E" }, "geometry": { "type": "Point", "coordinates": [ 72.9205, 19.0511 ] } },
{ "type": "Feature", "properties": { "name": "Vikas Nursing Home", "type": "hospital", "candidate_id": "CAND_0145", "ward_code": "M/E" }, "geometry": { "type": "Point", "coordinates": [ 72.9154653, 19.055124 ] } },
{ "type": "Feature", "properties": { "name": "Center For Cataract Surgery - Mumbai", "type": "hospital", "candidate_id": "CAND_0146", "ward_code": "K/W" }, "geometry": { "type": "Point", "coordinates": [ 72.832553, 19.110608 ] } },
{ "type": "Feature", "properties": { "name": "Dr.Daftarys Total Care Clinic", "type": "hospital", "candidate_id": "CAND_0147", "ward_code": "K/W" }, "geometry": { "type": "Point", "coordinates": [ 72.8290035, 19.1080574 ] } },
{ "type": "Feature", "properties": { "name": "Juhu Clinical Laboratory", "type": "hospital", "candidate_id": "CAND_0148", "ward_code": "K/W" }, "geometry": { "type": "Point", "coordinates": [ 72.829273, 19.1067104 ] } },
{ "type": "Feature", "properties": { "name": "Laser Institute Of Laser Medicine", "type": "hospital", "candidate_id": "CAND_0149", "ward_code": "K/W" }, "geometry": { "type": "Point", "coordinates": [ 72.8409693, 19.1102949 ] } },
{ "type": "Feature", "properties": { "name": "Pushpa Hospital", "type": "hospital", "candidate_id": "CAND_0150", "ward_code": "K/W" }, "geometry": { "type": "Point", "coordinates": [ 72.8404703, 19.1483497 ] } },
{ "type": "Feature", "properties": { "name": "Sheth Kantilal C. Parikh General Hospital", "type": "hospital", "candidate_id": "CAND_0151", "ward_code": "K/W" }, "geometry": { "type": "Point", "coordinates": [ 72.8267176, 19.1086051 ] } },
{ "type": "Feature", "properties": { "name": "Shree Hi- Tech Clinic Pvt. Ltd. /Laserx", "type": "hospital", "candidate_id": "CAND_0152", "ward_code": "K/W" }, "geometry": { "type": "Point", "coordinates": [ 72.8393625, 19.1141161 ] } },
{ "type": "Feature", "properties": { "name": "Sujay Hospital", "type": "hospital", "candidate_id": "CAND_0153", "ward_code": "K/W" }, "geometry": { "type": "Point", "coordinates": [ 72.8313139, 19.1160222 ] } },
{ "type": "Feature", "properties": { "name": "Bandra Pathology Laboratory", "type": "hospital", "candidate_id": "CAND_0154", "ward_code": "H/W" }, "geometry": { "type": "Point", "coordinates": [ 72.83184, 19.0616128 ] } },
{ "type": "Feature", "properties": { "name": "Ceds The Cneter Of Eye Dianostics And Surgery", "type": "hospital", "candidate_id": "CAND_0155", "ward_code": "H/W" }, "geometry": { "type": "Point", "coordinates": [ 72.8362497, 19.0606917 ] } },
{ "type": "Feature", "properties": { "name": "Devi Maternity and Surgical", "type": "hospital", "candidate_id": "CAND_0156", "ward_code": "H/W" }, "geometry": { "type": "Point", "coordinates": [ 72.8357525, 19.0622209 ] } },
{ "type": "Feature", "properties": { "name": "Dr A K Chandiramani Hospital", "type": "hospital", "candidate_id": "CAND_0157", "ward_code": "H/W" }, "geometry": { "type": "Point", "coordinates": [ 72.8351453, 19.0636199 ] } },
{ "type": "Feature", "properties": { "name": "Dr Jains Dental Speciality Centre", "type": "hospital", "candidate_id": "CAND_0158", "ward_code": "H/W" }, "geometry": { "type": "Point", "coordinates": [ 72.8319193, 19.0557586 ] } },
{ "type": "Feature", "properties": { "name": "Holy Family Hospital", "type": "hospital", "candidate_id": "CAND_0159", "ward_code": "H/W" }, "geometry": { "type": "Point", "coordinates": [ 72.8367149, 19.0799499 ] } },
{ "type": "Feature", "properties": { "name": "Mahatma Gandhi Seva Mandir", "type": "hospital", "candidate_id": "CAND_0160", "ward_code": "H/W" }, "geometry": { "type": "Point", "coordinates": [ 72.8393225, 19.057173 ] } },
{ "type": "Feature", "properties": { "name": "Satya Shiva Medicals Pvt. Ltd.", "type": "hospital", "candidate_id": "CAND_0161", "ward_code": "H/W" }, "geometry": { "type": "Point", "coordinates": [ 72.828512, 19.0674662 ] } },
{ "type": "Feature", "properties": { "name": "Shroff Eye Hospital", "type": "hospital", "candidate_id": "CAND_0162", "ward_code": "H/W" }, "geometry": { "type": "Point", "coordinates": [ 72.8369031, 19.0607435 ] } },
{ "type": "Feature", "properties": { "name": "Sushama Patkar Maternity ( and Surgical) Home - Bandra", "type": "hospital", "candidate_id": "CAND_0163", "ward_code": "H/W" }, "geometry": { "type": "Point", "coordinates": [ 72.8245123, 19.0536244 ] } },
{ "type": "Feature", "properties": { "name": "The Cosmetic Surgery Institute", "type": "hospital", "candidate_id": "CAND_0164", "ward_code": "H/W" }, "geometry": { "type": "Point", "coordinates": [ 72.8351498, 19.0593278 ] } },
{ "type": "Feature", "properties": { "name": "Vision 2000 Laser Surgery Centre", "type": "hospital", "candidate_id": "CAND_0165", "ward_code": "H/W" }, "geometry": { "type": "Point", "coordinates": [ 72.8242037, 19.0525804 ] } },
{ "type": "Feature", "properties": { "name": "West Lake Speciality Clinic", "type": "hospital", "candidate_id": "CAND_0166", "ward_code": "H/W" }, "geometry": { "type": "Point", "coordinates": [ 72.8386593, 19.0563119 ] } },
{ "type": "Feature", "properties": { "name": "Fortis Hospitals Limited", "type": "hospital", "candidate_id": "CAND_0167", "ward_code": "T" }, "geometry": { "type": "Point", "coordinates": [ 72.9469214, 19.1605587 ] } },
{ "type": "Feature", "properties": { "name": "Laxmi Surgical Clinic", "type": "hospital", "candidate_id": "CAND_0168", "ward_code": "H/E" }, "geometry": { "type": "Point", "coordinates": [ 72.8493479, 19.060533 ] } },
{ "type": "Feature", "properties": { "name": "Nandini Eye Care Centre", "type": "hospital", "candidate_id": "CAND_0169", "ward_code": "H/E" }, "geometry": { "type": "Point", "coordinates": [ 72.8454864, 19.0608089 ] } },
{ "type": "Feature", "properties": { "name": "Palvi Maternity and Mother Care Centre - Bandra Mumbai", "type": "hospital", "candidate_id": "CAND_0170", "ward_code": "H/E" }, "geometry": { "type": "Point", "coordinates": [ 72.8447654, 19.0574076 ] } },
{ "type": "Feature", "properties": { "name": "Tejas Eye Clinic", "type": "hospital", "candidate_id": "CAND_0171", "ward_code": "H/E" }, "geometry": { "type": "Point", "coordinates": [ 72.8478554, 19.0585316 ] } },
{ "type": "Feature", "properties": { "name": "Tushar Maternity and Surgical Nursing Home", "type": "hospital", "candidate_id": "CAND_0172", "ward_code": "P/S" }, "geometry": { "type": "Point", "coordinates": [ 72.8678551, 19.1551485 ] } },
{ "type": "Feature", "properties": { "name": "Chrysalizz", "type": "hospital", "candidate_id": "CAND_0173", "ward_code": "H/W" }, "geometry": { "type": "Point", "coordinates": [ 72.8341267, 19.0716903 ] } },
{ "type": "Feature", "properties": { "name": "G.M.Medical Centre - Khar", "type": "hospital", "candidate_id": "CAND_0174", "ward_code": "H/W" }, "geometry": { "type": "Point", "coordinates": [ 72.8369507, 19.0703631 ] } },
{ "type": "Feature", "properties": { "name": "Khar Clinico-Pathological Laboratory", "type": "hospital", "candidate_id": "CAND_0175", "ward_code": "H/W" }, "geometry": { "type": "Point", "coordinates": [ 72.834424, 19.074515 ] } },
{ "type": "Feature", "properties": { "name": "Mahavir Medical Research Center", "type": "hospital", "candidate_id": "CAND_0176", "ward_code": "H/W" }, "geometry": { "type": "Point", "coordinates": [ 72.8325682, 19.0741473 ] } },
{ "type": "Feature", "properties": { "name": "Ramakrishna Mission Hospital", "type": "hospital", "candidate_id": "CAND_0177", "ward_code": "H/W" }, "geometry": { "type": "Point", "coordinates": [ 72.8348232, 19.0715992 ] } },
{ "type": "Feature", "properties": { "name": "Tulip Womens Healthcare Centre - Khar (W)", "type": "hospital", "candidate_id": "CAND_0178", "ward_code": "H/W" }, "geometry": { "type": "Point", "coordinates": [ 72.8320899, 19.0689055 ] } },
{ "type": "Feature", "properties": { "name": "Ameya Maternity and Nursing Home", "type": "hospital", "candidate_id": "CAND_0179", "ward_code": "K/W" }, "geometry": { "type": "Point", "coordinates": [ 72.82766, 19.1363246 ] } },
{ "type": "Feature", "properties": { "name": "Dr. Khosla`S Dental Centre", "type": "hospital", "candidate_id": "CAND_0180", "ward_code": "K/W" }, "geometry": { "type": "Point", "coordinates": [ 72.8251145, 19.1437436 ] } },
{ "type": "Feature", "properties": { "name": "Eva Medicare Center - Andheri", "type": "hospital", "candidate_id": "CAND_0181", "ward_code": "P/S" }, "geometry": { "type": "Point", "coordinates": [ 72.8363508, 19.1732556 ] } },
{ "type": "Feature", "properties": { "name": "Gandhi Nursing Home", "type": "hospital", "candidate_id": "CAND_0182", "ward_code": "K/W" }, "geometry": { "type": "Point", "coordinates": [ 72.8246291, 19.1435906 ] } },
{ "type": "Feature", "properties": { "name": "Kokilaben Dhirubhai Ambani Hospital", "type": "hospital", "candidate_id": "CAND_0183", "ward_code": "K/W" }, "geometry": { "type": "Point", "coordinates": [ 72.8256366, 19.1344172 ] } },
{ "type": "Feature", "properties": { "name": "Kulkarni Nursing Home and Polyclinic", "type": "hospital", "candidate_id": "CAND_0184", "ward_code": "K/W" }, "geometry": { "type": "Point", "coordinates": [ 72.8317178, 19.1396177 ] } },
{ "type": "Feature", "properties": { "name": "Life Care Medical Centre", "type": "hospital", "candidate_id": "CAND_0185", "ward_code": "K/W" }, "geometry": { "type": "Point", "coordinates": [ 72.8253553, 19.1373646 ] } },
{ "type": "Feature", "properties": { "name": "Pushpa Maternity Home", "type": "hospital", "candidate_id": "CAND_0186", "ward_code": "K/W" }, "geometry": { "type": "Point", "coordinates": [ 72.8229639, 19.1455917 ] } },
{ "type": "Feature", "properties": { "name": "Reges Bone And Joint Care Centre", "type": "hospital", "candidate_id": "CAND_0187", "ward_code": "K/W" }, "geometry": { "type": "Point", "coordinates": [ 72.8243536, 19.1438721 ] } },
{ "type": "Feature", "properties": { "name": "Sengal Patan Lab", "type": "hospital", "candidate_id": "CAND_0188", "ward_code": "K/W" }, "geometry": { "type": "Point", "coordinates": [ 72.8248789, 19.1289346 ] } },
{ "type": "Feature", "properties": { "name": "Siddhartha Municipal General Hospital", "type": "hospital", "candidate_id": "CAND_0189", "ward_code": "P/S" }, "geometry": { "type": "Point", "coordinates": [ 72.839241, 19.1629338 ] } },
{ "type": "Feature", "properties": { "name": "Suman Eye Clinic And Surgery Centre", "type": "hospital", "candidate_id": "CAND_0190", "ward_code": "K/W" }, "geometry": { "type": "Point", "coordinates": [ 72.8254052, 19.1445491 ] } },
{ "type": "Feature", "properties": { "name": "Surgicare Medical Centre - Mumbai", "type": "hospital", "candidate_id": "CAND_0191", "ward_code": "K/W" }, "geometry": { "type": "Point", "coordinates": [ 72.827096, 19.1363034 ] } },
{ "type": "Feature", "properties": { "name": "Vijay Opticians", "type": "hospital", "candidate_id": "CAND_0192", "ward_code": "K/W" }, "geometry": { "type": "Point", "coordinates": [ 72.8247942, 19.1285131 ] } },
{ "type": "Feature", "properties": { "name": "Aseem Orthopaedic Hospital", "type": "hospital", "candidate_id": "CAND_0193", "ward_code": "K/W" }, "geometry": { "type": "Point", "coordinates": [ 72.837722, 19.0893623 ] } },
{ "type": "Feature", "properties": { "name": "Bcj Hospital And Asha Parekh Research Centre", "type": "hospital", "candidate_id": "CAND_0194", "ward_code": "H/W" }, "geometry": { "type": "Point", "coordinates": [ 72.8404132, 19.0820719 ] } },
{ "type": "Feature", "properties": { "name": "Bhargava Nursing Home", "type": "hospital", "candidate_id": "CAND_0195", "ward_code": "H/W" }, "geometry": { "type": "Point", "coordinates": [ 72.8361408, 19.0811858 ] } },
{ "type": "Feature", "properties": { "name": "Clilical Pathology and Bacteriology Clinic", "type": "hospital", "candidate_id": "CAND_0196", "ward_code": "H/W" }, "geometry": { "type": "Point", "coordinates": [ 72.8387327, 19.0825013 ] } },
{ "type": "Feature", "properties": { "name": "Kenias Eye Hospital", "type": "hospital", "candidate_id": "CAND_0197", "ward_code": "H/W" }, "geometry": { "type": "Point", "coordinates": [ 72.8385658, 19.0895032 ] } },
{ "type": "Feature", "properties": { "name": "Life Line Hospital and Diagnostics Pvt Ltd", "type": "hospital", "candidate_id": "CAND_0198", "ward_code": "H/W" }, "geometry": { "type": "Point", "coordinates": [ 72.8376755, 19.0815087 ] } },
{ "type": "Feature", "properties": { "name": "Maniar Clinic", "type": "hospital", "candidate_id": "CAND_0199", "ward_code": "K/W" }, "geometry": { "type": "Point", "coordinates": [ 72.835058, 19.088112 ] } },
{ "type": "Feature", "properties": { "name": "Netrapuja Research Centre", "type": "hospital", "candidate_id": "CAND_0200", "ward_code": "H/W" }, "geometry": { "type": "Point", "coordinates": [ 72.838478, 19.072631 ] } },
{ "type": "Feature", "properties": { "name": "Sarla Hospital and Icu", "type": "hospital", "candidate_id": "CAND_0201", "ward_code": "H/W" }, "geometry": { "type": "Point", "coordinates": [ 72.8364953, 19.085559 ] } },
{ "type": "Feature", "properties": { "name": "Sarvodaya Eye Hospital", "type": "hospital", "candidate_id": "CAND_0202", "ward_code": "H/W" }, "geometry": { "type": "Point", "coordinates": [ 72.839053, 19.081131 ] } },
{ "type": "Feature", "properties": { "name": "Smruti Nursing Home", "type": "hospital", "candidate_id": "CAND_0203", "ward_code": "H/W" }, "geometry": { "type": "Point", "coordinates": [ 72.8382266, 19.0819373 ] } },
{ "type": "Feature", "properties": { "name": "Dattatreya Nursing Home", "type": "hospital", "candidate_id": "CAND_0204", "ward_code": "H/E" }, "geometry": { "type": "Point", "coordinates": [ 72.8502317, 19.0825366 ] } },
{ "type": "Feature", "properties": { "name": "Dr. Raut`S Maternity and Surgical Nursing Home", "type": "hospital", "candidate_id": "CAND_0205", "ward_code": "S" }, "geometry": { "type": "Point", "coordinates": [ 72.9435765, 19.1515624 ] } },
{ "type": "Feature", "properties": { "name": "Dr. Sheth Surgical Clinic andGeneral Nursing Home- Santacruz-Mumbai", "type": "hospital", "candidate_id": "CAND_0206", "ward_code": "H/E" }, "geometry": { "type": "Point", "coordinates": [ 72.8465064, 19.079497 ] } },
{ "type": "Feature", "properties": { "name": "Nandan Maternity and Surgical Home", "type": "hospital", "candidate_id": "CAND_0207", "ward_code": "H/E" }, "geometry": { "type": "Point", "coordinates": [ 72.8427287, 19.0797967 ] } },
{ "type": "Feature", "properties": { "name": "Siddhi Nursing Home", "type": "hospital", "candidate_id": "CAND_0208", "ward_code": "H/E" }, "geometry": { "type": "Point", "coordinates": [ 72.8494657, 19.0801652 ] } },
{ "type": "Feature", "properties": { "name": "Upadhyaya Nursing Home", "type": "hospital", "candidate_id": "CAND_0209", "ward_code": "H/E" }, "geometry": { "type": "Point", "coordinates": [ 72.8562596, 19.07937 ] } },
{ "type": "Feature", "properties": { "name": "Vakola Nursing Home and Polyclinic", "type": "hospital", "candidate_id": "CAND_0210", "ward_code": "F/N" }, "geometry": { "type": "Point", "coordinates": [ 72.8582527, 19.0177749 ] } },
{ "type": "Feature", "properties": { "name": "Dr Balabhai Nanavati Hospital", "type": "hospital", "candidate_id": "CAND_0211", "ward_code": "K/W" }, "geometry": { "type": "Point", "coordinates": [ 72.8394774, 19.1013427 ] } },
{ "type": "Feature", "properties": { "name": "Dr Jagdish Shahs Clinic", "type": "hospital", "candidate_id": "CAND_0212", "ward_code": "K/E" }, "geometry": { "type": "Point", "coordinates": [ 72.848784, 19.0982759 ] } },
{ "type": "Feature", "properties": { "name": "Dr Shah Hospital and Acupuncture Research Center", "type": "hospital", "candidate_id": "CAND_0213", "ward_code": "K/W" }, "geometry": { "type": "Point", "coordinates": [ 72.8421555, 19.1405116 ] } },
{ "type": "Feature", "properties": { "name": "Dr. Sadiwalas Clinic and Nursing Home", "type": "hospital", "candidate_id": "CAND_0214", "ward_code": "K/W" }, "geometry": { "type": "Point", "coordinates": [ 72.8402931, 19.106652 ] } },
{ "type": "Feature", "properties": { "name": "Dr. Sanjay Soni", "type": "hospital", "candidate_id": "CAND_0215", "ward_code": "K/W" }, "geometry": { "type": "Point", "coordinates": [ 72.8358707, 19.1145832 ] } },
{ "type": "Feature", "properties": { "name": "Eyeris Medical Center Pvt. Ltd.", "type": "hospital", "candidate_id": "CAND_0216", "ward_code": "K/W" }, "geometry": { "type": "Point", "coordinates": [ 72.8425406, 19.1012769 ] } },
{ "type": "Feature", "properties": { "name": "Life Care Iccu , Medical and Surgical Emergencies", "type": "hospital", "candidate_id": "CAND_0217", "ward_code": "K/W" }, "geometry": { "type": "Point", "coordinates": [ 72.8382876, 19.1083063 ] } },
{ "type": "Feature", "properties": { "name": "Mahaveer Health Care Centre", "type": "hospital", "candidate_id": "CAND_0218", "ward_code": "K/W" }, "geometry": { "type": "Point", "coordinates": [ 72.840026, 19.098692 ] } },
{ "type": "Feature", "properties": { "name": "Voras Clinical Laboratory", "type": "hospital", "candidate_id": "CAND_0219", "ward_code": "K/E" }, "geometry": { "type": "Point", "coordinates": [ 72.8466914, 19.1030524 ] } },
{ "type": "Feature", "properties": { "name": "Aggarwal Eye Hospital , Vile Parle", "type": "hospital", "candidate_id": "CAND_0220", "ward_code": "K/E" }, "geometry": { "type": "Point", "coordinates": [ 72.8495392, 19.1100258 ] } },
{ "type": "Feature", "properties": { "name": "Dr.Tushar Shah", "type": "hospital", "candidate_id": "CAND_0221", "ward_code": "K/E" }, "geometry": { "type": "Point", "coordinates": [ 72.8464095, 19.1043491 ] } },
{ "type": "Feature", "properties": { "name": "Parle Eye Hospital", "type": "hospital", "candidate_id": "CAND_0222", "ward_code": "K/E" }, "geometry": { "type": "Point", "coordinates": [ 72.8484152, 19.1007327 ] } },
{ "type": "Feature", "properties": { "name": "Sarafs Diagnostic Center", "type": "hospital", "candidate_id": "CAND_0223", "ward_code": "K/E" }, "geometry": { "type": "Point", "coordinates": [ 72.8447758, 19.1021198 ] } },
{ "type": "Feature", "properties": { "name": "Saurabh Sanjanwala`S Maternity Gync.and Surgical Nur", "type": "hospital", "candidate_id": "CAND_0224", "ward_code": "K/E" }, "geometry": { "type": "Point", "coordinates": [ 72.8485457, 19.1084218 ] } },
{ "type": "Feature", "properties": { "name": "Shreeji Associates C/O Dr Ranes Nursing Home", "type": "hospital", "candidate_id": "CAND_0225", "ward_code": "K/E" }, "geometry": { "type": "Point", "coordinates": [ 72.8499645, 19.095176 ] } },
{ "type": "Feature", "properties": { "name": "Vivek Pathology Laboratory", "type": "hospital", "candidate_id": "CAND_0226", "ward_code": "K/E" }, "geometry": { "type": "Point", "coordinates": [ 72.8499878, 19.1024496 ] } },
{ "type": "Feature", "properties": { "name": "Dr Parmars Surgical Hospital", "type": "hospital", "candidate_id": "CAND_0227", "ward_code": "K/W" }, "geometry": { "type": "Point", "coordinates": [ 72.8427744, 19.1166476 ] } },
{ "type": "Feature", "properties": { "name": "Masrani Clinic For Women and Mimas", "type": "hospital", "candidate_id": "CAND_0228", "ward_code": "K/W" }, "geometry": { "type": "Point", "coordinates": [ 72.844139, 19.1152002 ] } },
{ "type": "Feature", "properties": { "name": "Purandare Hospital", "type": "hospital", "candidate_id": "CAND_0229", "ward_code": "K/W" }, "geometry": { "type": "Point", "coordinates": [ 72.822229, 19.1295475 ] } },
{ "type": "Feature", "properties": { "name": "R.G. Scientific Enterprises Ltd", "type": "hospital", "candidate_id": "CAND_0230", "ward_code": "K/W" }, "geometry": { "type": "Point", "coordinates": [ 72.8363278, 19.1366248 ] } },
{ "type": "Feature", "properties": { "name": "Roshni Eye Hospital", "type": "hospital", "candidate_id": "CAND_0231", "ward_code": "K/E" }, "geometry": { "type": "Point", "coordinates": [ 72.8697339, 19.113645 ] } },
{ "type": "Feature", "properties": { "name": "Srl Ranbaxy Ltd", "type": "hospital", "candidate_id": "CAND_0232", "ward_code": "K/E" }, "geometry": { "type": "Point", "coordinates": [ 72.872193, 19.1185922 ] } },
{ "type": "Feature", "properties": { "name": "Ameya Surgical and General Nursing Home", "type": "hospital", "candidate_id": "CAND_0233", "ward_code": "K/E" }, "geometry": { "type": "Point", "coordinates": [ 72.864046, 19.104219 ] } },
{ "type": "Feature", "properties": { "name": "Dadhich Nursing Home", "type": "hospital", "candidate_id": "CAND_0234", "ward_code": "K/E" }, "geometry": { "type": "Point", "coordinates": [ 72.8677512, 19.1081099 ] } },
{ "type": "Feature", "properties": { "name": "Dr Goels Maternity and General Hospital", "type": "hospital", "candidate_id": "CAND_0235", "ward_code": "K/E" }, "geometry": { "type": "Point", "coordinates": [ 72.8650609, 19.1099032 ] } },
{ "type": "Feature", "properties": { "name": "Dr Punjabis Laboratory", "type": "hospital", "candidate_id": "CAND_0236", "ward_code": "K/E" }, "geometry": { "type": "Point", "coordinates": [ 72.8726952, 19.1154908 ] } },
{ "type": "Feature", "properties": { "name": "Dr.Pintos Pathological Laboratory", "type": "hospital", "candidate_id": "CAND_0237", "ward_code": "K/E" }, "geometry": { "type": "Point", "coordinates": [ 72.8797755, 19.1213135 ] } },
{ "type": "Feature", "properties": { "name": "Dr.Sandip Anand", "type": "hospital", "candidate_id": "CAND_0238", "ward_code": "K/E" }, "geometry": { "type": "Point", "coordinates": [ 72.8655922, 19.1110621 ] } },
{ "type": "Feature", "properties": { "name": "Rg Stone Urology And Laparoscopy Hospital", "type": "hospital", "candidate_id": "CAND_0239", "ward_code": "K/W" }, "geometry": { "type": "Point", "coordinates": [ 72.8376429, 19.1338837 ] } },
{ "type": "Feature", "properties": { "name": "Saish Nursing Home and Icu", "type": "hospital", "candidate_id": "CAND_0240", "ward_code": "K/E" }, "geometry": { "type": "Point", "coordinates": [ 72.8802146, 19.1188585 ] } },
{ "type": "Feature", "properties": { "name": "Sevenhills Healthcare Private Limited", "type": "hospital", "candidate_id": "CAND_0241", "ward_code": "K/E" }, "geometry": { "type": "Point", "coordinates": [ 72.8798583, 19.1163793 ] } },
{ "type": "Feature", "properties": { "name": "Spectacles And Contact Lens Clinic", "type": "hospital", "candidate_id": "CAND_0242", "ward_code": "K/E" }, "geometry": { "type": "Point", "coordinates": [ 72.867009, 19.1131214 ] } },
{ "type": "Feature", "properties": { "name": "Sugun Hospital Multispeciality Diagnostic, Icu", "type": "hospital", "candidate_id": "CAND_0243", "ward_code": "K/E" }, "geometry": { "type": "Point", "coordinates": [ 72.8825342, 19.1165713 ] } },
{ "type": "Feature", "properties": { "name": "Dr. Kamats Hospital - Jogeshwari - Mumbai", "type": "hospital", "candidate_id": "CAND_0244", "ward_code": "K/W" }, "geometry": { "type": "Point", "coordinates": [ 72.8488709, 19.1364893 ] } },
{ "type": "Feature", "properties": { "name": "Parulekar Maternity And Surgical Nursing Home - Mumbai", "type": "hospital", "candidate_id": "CAND_0245", "ward_code": "K/E" }, "geometry": { "type": "Point", "coordinates": [ 72.8498738, 19.1315933 ] } },
{ "type": "Feature", "properties": { "name": "A.E.Kalsekar Hospital", "type": "hospital", "candidate_id": "CAND_0246", "ward_code": "K/W" }, "geometry": { "type": "Point", "coordinates": [ 72.8101762, 19.1379278 ] } },
{ "type": "Feature", "properties": { "name": "Mahima Hospital and Polyclinic", "type": "hospital", "candidate_id": "CAND_0247", "ward_code": "K/W" }, "geometry": { "type": "Point", "coordinates": [ 72.8184455, 19.1306458 ] } },
{ "type": "Feature", "properties": { "name": "The Clinique and Nursing Home - Andheri", "type": "hospital", "candidate_id": "CAND_0248", "ward_code": "K/W" }, "geometry": { "type": "Point", "coordinates": [ 72.8146101, 19.1350852 ] } },
{ "type": "Feature", "properties": { "name": "Dr. (Mrs.) S.D.Patki Clinic", "type": "hospital", "candidate_id": "CAND_0249", "ward_code": "P/S" }, "geometry": { "type": "Point", "coordinates": [ 72.8497757, 19.1699919 ] } },
{ "type": "Feature", "properties": { "name": "Enclave Maternity Home", "type": "hospital", "candidate_id": "CAND_0250", "ward_code": "P/N" }, "geometry": { "type": "Point", "coordinates": [ 72.8754694, 19.1691237 ] } },
{ "type": "Feature", "properties": { "name": "Eye Smile Clinic", "type": "hospital", "candidate_id": "CAND_0251", "ward_code": "P/S" }, "geometry": { "type": "Point", "coordinates": [ 72.8730215, 19.1733185 ] } },
{ "type": "Feature", "properties": { "name": "Gokuldham Medical Centre", "type": "hospital", "candidate_id": "CAND_0252", "ward_code": "P/S" }, "geometry": { "type": "Point", "coordinates": [ 72.8597274, 19.1737578 ] } },
{ "type": "Feature", "properties": { "name": "Surya Eye Clinic", "type": "hospital", "candidate_id": "CAND_0253", "ward_code": "P/S" }, "geometry": { "type": "Point", "coordinates": [ 72.862324, 19.1745143 ] } },
{ "type": "Feature", "properties": { "name": "Yashada Maternity and Surgical Home", "type": "hospital", "candidate_id": "CAND_0254", "ward_code": "P/S" }, "geometry": { "type": "Point", "coordinates": [ 72.8758099, 19.1509735 ] } },
{ "type": "Feature", "properties": { "name": "Abhijit Hospital", "type": "hospital", "candidate_id": "CAND_0255", "ward_code": "P/N" }, "geometry": { "type": "Point", "coordinates": [ 72.8422219, 19.1874689 ] } },
{ "type": "Feature", "properties": { "name": "Advanced Orthopaedic Centre", "type": "hospital", "candidate_id": "CAND_0256", "ward_code": "P/N" }, "geometry": { "type": "Point", "coordinates": [ 72.8401539, 19.1827551 ] } },
{ "type": "Feature", "properties": { "name": "Dr. Manoj Shah , Fractureaccident - Orthopaedic", "type": "hospital", "candidate_id": "CAND_0257", "ward_code": "K/E" }, "geometry": { "type": "Point", "coordinates": [ 72.8500491, 19.1016472 ] } },
{ "type": "Feature", "properties": { "name": "Dr.Guptas Nursing Home", "type": "hospital", "candidate_id": "CAND_0258", "ward_code": "P/S" }, "geometry": { "type": "Point", "coordinates": [ 72.8451337, 19.1749892 ] } },
{ "type": "Feature", "properties": { "name": "Dr.Ronak Prakash Bhandari", "type": "hospital", "candidate_id": "CAND_0259", "ward_code": "P/N" }, "geometry": { "type": "Point", "coordinates": [ 72.8357436, 19.1834939 ] } },
{ "type": "Feature", "properties": { "name": "Ear-Nose-Throat And Eye Clinic", "type": "hospital", "candidate_id": "CAND_0260", "ward_code": "P/N" }, "geometry": { "type": "Point", "coordinates": [ 72.8554149, 19.180237 ] } },
{ "type": "Feature", "properties": { "name": "Evershine Nursing Home", "type": "hospital", "candidate_id": "CAND_0261", "ward_code": "P/N" }, "geometry": { "type": "Point", "coordinates": [ 72.8330873, 19.1928391 ] } },
{ "type": "Feature", "properties": { "name": "Janhvi Nursing Home", "type": "hospital", "candidate_id": "CAND_0262", "ward_code": "P/N" }, "geometry": { "type": "Point", "coordinates": [ 72.8422978, 19.185155 ] } },
{ "type": "Feature", "properties": { "name": "Jay Polyclinic Surgical and Maternity Nursing Home and Iccu", "type": "hospital", "candidate_id": "CAND_0263", "ward_code": "P/N" }, "geometry": { "type": "Point", "coordinates": [ 72.846178, 19.1840599 ] } },
{ "type": "Feature", "properties": { "name": "Le Nest", "type": "hospital", "candidate_id": "CAND_0264", "ward_code": "P/S" }, "geometry": { "type": "Point", "coordinates": [ 72.8419473, 19.1757956 ] } },
{ "type": "Feature", "properties": { "name": "Manish Nursing Home", "type": "hospital", "candidate_id": "CAND_0265", "ward_code": "P/N" }, "geometry": { "type": "Point", "coordinates": [ 72.8470214, 19.1853044 ] } },
{ "type": "Feature", "properties": { "name": "Navkar Child Care Centre and Nursing Home", "type": "hospital", "candidate_id": "CAND_0266", "ward_code": "P/N" }, "geometry": { "type": "Point", "coordinates": [ 72.8362572, 19.1843832 ] } },
{ "type": "Feature", "properties": { "name": "Neelam Nursing Home (Lenest) - Malad (W)", "type": "hospital", "candidate_id": "CAND_0267", "ward_code": "R/C" }, "geometry": { "type": "Point", "coordinates": [ 72.8544636, 19.2254953 ] } },
{ "type": "Feature", "properties": { "name": "Neon Critical Care", "type": "hospital", "candidate_id": "CAND_0268", "ward_code": "P/N" }, "geometry": { "type": "Point", "coordinates": [ 72.8190866, 19.2019275 ] } },
{ "type": "Feature", "properties": { "name": "Puranik Hospital", "type": "hospital", "candidate_id": "CAND_0269", "ward_code": "P/N" }, "geometry": { "type": "Point", "coordinates": [ 72.845366, 19.1878099 ] } },
{ "type": "Feature", "properties": { "name": "Rahul Eye Clinic", "type": "hospital", "candidate_id": "CAND_0270", "ward_code": "K/W" }, "geometry": { "type": "Point", "coordinates": [ 72.847579, 19.13654 ] } },
{ "type": "Feature", "properties": { "name": "Saraogi Maternity and General Hospital", "type": "hospital", "candidate_id": "CAND_0271", "ward_code": "P/N" }, "geometry": { "type": "Point", "coordinates": [ 72.8460784, 19.1897322 ] } },
{ "type": "Feature", "properties": { "name": "Surana Hospital And Research Centre", "type": "hospital", "candidate_id": "CAND_0272", "ward_code": "P/N" }, "geometry": { "type": "Point", "coordinates": [ 72.8426229, 19.1980732 ] } },
{ "type": "Feature", "properties": { "name": "Clear Vision Eye Center", "type": "hospital", "candidate_id": "CAND_0273", "ward_code": "H/W" }, "geometry": { "type": "Point", "coordinates": [ 72.8319933, 19.0781122 ] } },
{ "type": "Feature", "properties": { "name": "Dhanshri Hospital", "type": "hospital", "candidate_id": "CAND_0274", "ward_code": "R/C" }, "geometry": { "type": "Point", "coordinates": [ 72.8544895, 19.2222802 ] } },
{ "type": "Feature", "properties": { "name": "Dr Baliga Nursing Home", "type": "hospital", "candidate_id": "CAND_0275", "ward_code": "P/S" }, "geometry": { "type": "Point", "coordinates": [ 72.8454471, 19.164269 ] } },
{ "type": "Feature", "properties": { "name": "Kolekar Hospiatl", "type": "hospital", "candidate_id": "CAND_0276", "ward_code": "M/W" }, "geometry": { "type": "Point", "coordinates": [ 72.9011119, 19.0599156 ] } },
{ "type": "Feature", "properties": { "name": "Omkar Eye Care Center", "type": "hospital", "candidate_id": "CAND_0277", "ward_code": "T" }, "geometry": { "type": "Point", "coordinates": [ 72.9528553, 19.171536 ] } },
{ "type": "Feature", "properties": { "name": "Pratik Hospital and Maternity Home", "type": "hospital", "candidate_id": "CAND_0278", "ward_code": "R/S" }, "geometry": { "type": "Point", "coordinates": [ 72.842594, 19.1998211 ] } },
{ "type": "Feature", "properties": { "name": "Asian Eye Institute And Laser Centre", "type": "hospital", "candidate_id": "CAND_0279", "ward_code": "R/C" }, "geometry": { "type": "Point", "coordinates": [ 72.8586904, 19.2318937 ] } },
{ "type": "Feature", "properties": { "name": "Dr Parikhs Maternity, Gynaec, and General Hospital", "type": "hospital", "candidate_id": "CAND_0280", "ward_code": "R/C" }, "geometry": { "type": "Point", "coordinates": [ 72.8574421, 19.2229268 ] } },
{ "type": "Feature", "properties": { "name": "Mohit Hospital and Heart Centre", "type": "hospital", "candidate_id": "CAND_0281", "ward_code": "R/C" }, "geometry": { "type": "Point", "coordinates": [ 72.8643053, 19.234019 ] } },
{ "type": "Feature", "properties": { "name": "Navjeevan Global Heart Centre", "type": "hospital", "candidate_id": "CAND_0282", "ward_code": "R/C" }, "geometry": { "type": "Point", "coordinates": [ 72.8600404, 19.2224441 ] } },
{ "type": "Feature", "properties": { "name": "Nirmay Mother Care Centre", "type": "hospital", "candidate_id": "CAND_0283", "ward_code": "R/C" }, "geometry": { "type": "Point", "coordinates": [ 72.842968, 19.2219048 ] } },
{ "type": "Feature", "properties": { "name": "Parijat Child Health Clinic", "type": "hospital", "candidate_id": "CAND_0284", "ward_code": "R/N" }, "geometry": { "type": "Point", "coordinates": [ 72.8749632, 19.2559121 ] } },
{ "type": "Feature", "properties": { "name": "Parmar Hospital", "type": "hospital", "candidate_id": "CAND_0285", "ward_code": "R/C" }, "geometry": { "type": "Point", "coordinates": [ 72.8619097, 19.2300126 ] } },
{ "type": "Feature", "properties": { "name": "Purnima Hospital", "type": "hospital", "candidate_id": "CAND_0286", "ward_code": "R/C" }, "geometry": { "type": "Point", "coordinates": [ 72.8606066, 19.2360202 ] } },
{ "type": "Feature", "properties": { "name": "Roshni Eye Clinic", "type": "hospital", "candidate_id": "CAND_0287", "ward_code": "R/C" }, "geometry": { "type": "Point", "coordinates": [ 72.8594058, 19.2277398 ] } },
{ "type": "Feature", "properties": { "name": "Shree Krishna Hospital", "type": "hospital", "candidate_id": "CAND_0288", "ward_code": "R/C" }, "geometry": { "type": "Point", "coordinates": [ 72.8441358, 19.2371877 ] } },
{ "type": "Feature", "properties": { "name": "Utkarsh Nursing Home", "type": "hospital", "candidate_id": "CAND_0289", "ward_code": "R/C" }, "geometry": { "type": "Point", "coordinates": [ 72.8566481, 19.2248364 ] } },
{ "type": "Feature", "properties": { "name": "Dr Reena Mokal Nursing Home and Polyclinic", "type": "hospital", "candidate_id": "CAND_0290", "ward_code": "R/C" }, "geometry": { "type": "Point", "coordinates": [ 72.8152087, 19.2153192 ] } },
{ "type": "Feature", "properties": { "name": "Dr. Vora`S Premature Critical Care and General Hospital", "type": "hospital", "candidate_id": "CAND_0291", "ward_code": "R/S" }, "geometry": { "type": "Point", "coordinates": [ 72.8423686, 19.2077867 ] } },
{ "type": "Feature", "properties": { "name": "Gayatri Maternity and Gynaec Clinic", "type": "hospital", "candidate_id": "CAND_0292", "ward_code": "R/S" }, "geometry": { "type": "Point", "coordinates": [ 72.8183494, 19.2100454 ] } },
{ "type": "Feature", "properties": { "name": "Grace Maternity and Nursing Home - Kandivli (W)", "type": "hospital", "candidate_id": "CAND_0293", "ward_code": "R/S" }, "geometry": { "type": "Point", "coordinates": [ 72.8384842, 19.2064817 ] } },
{ "type": "Feature", "properties": { "name": "Jobanputra Nursing Home", "type": "hospital", "candidate_id": "CAND_0294", "ward_code": "R/S" }, "geometry": { "type": "Point", "coordinates": [ 72.850038, 19.206912 ] } },
{ "type": "Feature", "properties": { "name": "Nidhi Nursing Home and Iccu", "type": "hospital", "candidate_id": "CAND_0295", "ward_code": "R/S" }, "geometry": { "type": "Point", "coordinates": [ 72.841578, 19.2063004 ] } },
{ "type": "Feature", "properties": { "name": "Panorama Eye Clinic Superspeciality Eye Care", "type": "hospital", "candidate_id": "CAND_0296", "ward_code": "R/S" }, "geometry": { "type": "Point", "coordinates": [ 72.8443572, 19.206847 ] } },
{ "type": "Feature", "properties": { "name": "Sai Vilayatrai Charitable Polyclinc", "type": "hospital", "candidate_id": "CAND_0297", "ward_code": "R/S" }, "geometry": { "type": "Point", "coordinates": [ 72.8446558, 19.2019348 ] } },
{ "type": "Feature", "properties": { "name": "Shah Surgical Hospital and Maternity Home P. Ltd.", "type": "hospital", "candidate_id": "CAND_0298", "ward_code": "R/S" }, "geometry": { "type": "Point", "coordinates": [ 72.8492897, 19.2039462 ] } },
{ "type": "Feature", "properties": { "name": "Shree Krishna Hospital - Kandivali", "type": "hospital", "candidate_id": "CAND_0299", "ward_code": "P/N" }, "geometry": { "type": "Point", "coordinates": [ 72.8435167, 19.1936411 ] } },
{ "type": "Feature", "properties": { "name": "Shree Nagesh Childrens Hospital", "type": "hospital", "candidate_id": "CAND_0300", "ward_code": "R/C" }, "geometry": { "type": "Point", "coordinates": [ 72.8301306, 19.2177774 ] } },
{ "type": "Feature", "properties": { "name": "Vinayak Nursing Home`", "type": "hospital", "candidate_id": "CAND_0301", "ward_code": "R/S" }, "geometry": { "type": "Point", "coordinates": [ 72.8389113, 19.2050369 ] } },
{ "type": "Feature", "properties": { "name": "Abhinav Sushrut Hospital", "type": "hospital", "candidate_id": "CAND_0302", "ward_code": "R/N" }, "geometry": { "type": "Point", "coordinates": [ 72.8620298, 19.2540545 ] } },
{ "type": "Feature", "properties": { "name": "Akshit Maternity Home", "type": "hospital", "candidate_id": "CAND_0303", "ward_code": "R/N" }, "geometry": { "type": "Point", "coordinates": [ 72.8646698, 19.2542542 ] } },
{ "type": "Feature", "properties": { "name": "Balaji Polyclinic and Criticare Centre", "type": "hospital", "candidate_id": "CAND_0304", "ward_code": "R/N" }, "geometry": { "type": "Point", "coordinates": [ 72.8685001, 19.2406676 ] } },
{ "type": "Feature", "properties": { "name": "Dr Mandar Pandit Clinic", "type": "hospital", "candidate_id": "CAND_0305", "ward_code": "R/N" }, "geometry": { "type": "Point", "coordinates": [ 72.8575571, 19.2530795 ] } },
{ "type": "Feature", "properties": { "name": "Dr. M. L Dhawale Memorial Trust", "type": "hospital", "candidate_id": "CAND_0306", "ward_code": "R/N" }, "geometry": { "type": "Point", "coordinates": [ 72.8601956, 19.2512619 ] } },
{ "type": "Feature", "properties": { "name": "Dr.Nikams Eye Care And Laser Centre", "type": "hospital", "candidate_id": "CAND_0307", "ward_code": "R/N" }, "geometry": { "type": "Point", "coordinates": [ 72.8575344, 19.2511357 ] } },
{ "type": "Feature", "properties": { "name": "Kk Maternity And General Hospital", "type": "hospital", "candidate_id": "CAND_0308", "ward_code": "R/N" }, "geometry": { "type": "Point", "coordinates": [ 72.8610276, 19.2467802 ] } },
{ "type": "Feature", "properties": { "name": "Rohit Nursing Home - Dahisar", "type": "hospital", "candidate_id": "CAND_0309", "ward_code": "R/N" }, "geometry": { "type": "Point", "coordinates": [ 72.8637467, 19.2515368 ] } },
{ "type": "Feature", "properties": { "name": "Shri K.V.O.Jain Manav Seva Kendra Navneet High -Te", "type": "hospital", "candidate_id": "CAND_0310", "ward_code": "R/N" }, "geometry": { "type": "Point", "coordinates": [ 72.8568499, 19.255128 ] } },
{ "type": "Feature", "properties": { "name": "Sukhsagar Hospital", "type": "hospital", "candidate_id": "CAND_0311", "ward_code": "R/N" }, "geometry": { "type": "Point", "coordinates": [ 72.8546344, 19.2564386 ] } },
{ "type": "Feature", "properties": { "name": "Total Woman Medical Centre - Dahisar", "type": "hospital", "candidate_id": "CAND_0312", "ward_code": "R/N" }, "geometry": { "type": "Point", "coordinates": [ 72.865917, 19.243804 ] } },
{ "type": "Feature", "properties": { "name": "Vishwanath Hospital", "type": "hospital", "candidate_id": "CAND_0313", "ward_code": "R/N" }, "geometry": { "type": "Point", "coordinates": [ 72.8671305, 19.2434168 ] } },
{ "type": "Feature", "properties": { "name": "Carewell Nursing Home", "type": "hospital", "candidate_id": "CAND_0314", "ward_code": "K/E" }, "geometry": { "type": "Point", "coordinates": [ 72.8669884, 19.1123849 ] } },
{ "type": "Feature", "properties": { "name": "Jain Nursing Home", "type": "hospital", "candidate_id": "CAND_0315", "ward_code": "K/E" }, "geometry": { "type": "Point", "coordinates": [ 72.853548, 19.1211714 ] } },
{ "type": "Feature", "properties": { "name": "Kripa Eye Clinic", "type": "hospital", "candidate_id": "CAND_0316", "ward_code": "K/E" }, "geometry": { "type": "Point", "coordinates": [ 72.8560975, 19.1088116 ] } },
{ "type": "Feature", "properties": { "name": "Laxmi Mirat Eye Clinic And Day Care Centre", "type": "hospital", "candidate_id": "CAND_0317", "ward_code": "K/E" }, "geometry": { "type": "Point", "coordinates": [ 72.8575199, 19.109114 ] } },
{ "type": "Feature", "properties": { "name": "Sadanand Danait Hospital", "type": "hospital", "candidate_id": "CAND_0318", "ward_code": "K/E" }, "geometry": { "type": "Point", "coordinates": [ 72.8484128, 19.1097442 ] } },
{ "type": "Feature", "properties": { "name": "Sanjeevani Hospital", "type": "hospital", "candidate_id": "CAND_0319", "ward_code": "K/E" }, "geometry": { "type": "Point", "coordinates": [ 72.8651933, 19.1009869 ] } },
{ "type": "Feature", "properties": { "name": "Shakuntala Memorial Surgical Childerns and General Hospital", "type": "hospital", "candidate_id": "CAND_0320", "ward_code": "K/E" }, "geometry": { "type": "Point", "coordinates": [ 72.8670933, 19.1269161 ] } },
{ "type": "Feature", "properties": { "name": "City Hospital And Reserch Centre", "type": "hospital", "candidate_id": "CAND_0321", "ward_code": "L" }, "geometry": { "type": "Point", "coordinates": [ 72.8770505, 19.0754649 ] } },
{ "type": "Feature", "properties": { "name": "Dr .Desais Nursing Home", "type": "hospital", "candidate_id": "CAND_0322", "ward_code": "L" }, "geometry": { "type": "Point", "coordinates": [ 72.8829242, 19.0625228 ] } },
{ "type": "Feature", "properties": { "name": "Dr Shehnaz Shaikh Clinic", "type": "hospital", "candidate_id": "CAND_0324", "ward_code": "L" }, "geometry": { "type": "Point", "coordinates": [ 72.8781322, 19.0707532 ] } },
{ "type": "Feature", "properties": { "name": "Kohinoor Hospital", "type": "hospital", "candidate_id": "CAND_0325", "ward_code": "N" }, "geometry": { "type": "Point", "coordinates": [ 72.8950556, 19.0822947 ] } },
{ "type": "Feature", "properties": { "name": "Aditya Health Care", "type": "hospital", "candidate_id": "CAND_0326", "ward_code": "M/W" }, "geometry": { "type": "Point", "coordinates": [ 72.8963568, 19.0327996 ] } },
{ "type": "Feature", "properties": { "name": "Ashirwad Hospital and Polyclinic", "type": "hospital", "candidate_id": "CAND_0327", "ward_code": "M/W" }, "geometry": { "type": "Point", "coordinates": [ 72.9103754, 19.0506517 ] } },
{ "type": "Feature", "properties": { "name": "Bhatti Eye Clinic", "type": "hospital", "candidate_id": "CAND_0328", "ward_code": "M/E" }, "geometry": { "type": "Point", "coordinates": [ 72.9115246, 19.0453626 ] } },
{ "type": "Feature", "properties": { "name": "Dr Kedares Maternity and General Nursing Home", "type": "hospital", "candidate_id": "CAND_0329", "ward_code": "M/W" }, "geometry": { "type": "Point", "coordinates": [ 72.898177, 19.0604892 ] } },
{ "type": "Feature", "properties": { "name": "Dr Mekhales Dhanvantari Hospital", "type": "hospital", "candidate_id": "CAND_0330", "ward_code": "M/W" }, "geometry": { "type": "Point", "coordinates": [ 72.9078832, 19.0585864 ] } },
{ "type": "Feature", "properties": { "name": "Dr Suresh C Anand Clinic", "type": "hospital", "candidate_id": "CAND_0331", "ward_code": "M/W" }, "geometry": { "type": "Point", "coordinates": [ 72.8911931, 19.05161 ] } },
{ "type": "Feature", "properties": { "name": "Dr. Amins Clinic", "type": "hospital", "candidate_id": "CAND_0332", "ward_code": "A" }, "geometry": { "type": "Point", "coordinates": [ 72.8239698, 18.9243376 ] } },
{ "type": "Feature", "properties": { "name": "Kamran Nursing Home", "type": "hospital", "candidate_id": "CAND_0333", "ward_code": "E" }, "geometry": { "type": "Point", "coordinates": [ 72.8311737, 18.9722585 ] } },
{ "type": "Feature", "properties": { "name": "Kolekar Nursing Home", "type": "hospital", "candidate_id": "CAND_0334", "ward_code": "M/W" }, "geometry": { "type": "Point", "coordinates": [ 72.9068556, 19.0593495 ] } },
{ "type": "Feature", "properties": { "name": "Mangal Anand Hospital", "type": "hospital", "candidate_id": "CAND_0335", "ward_code": "M/W" }, "geometry": { "type": "Point", "coordinates": [ 72.897061, 19.0533749 ] } },
{ "type": "Feature", "properties": { "name": "Narurkar Ent Hospital", "type": "hospital", "candidate_id": "CAND_0336", "ward_code": "M/W" }, "geometry": { "type": "Point", "coordinates": [ 72.9053186, 19.0539989 ] } },
{ "type": "Feature", "properties": { "name": "Neurogen Brain And Spine Institute", "type": "hospital", "candidate_id": "CAND_0337", "ward_code": "M/W" }, "geometry": { "type": "Point", "coordinates": [ 72.8851743, 19.0536352 ] } },
{ "type": "Feature", "properties": { "name": "Rushabh Nursing Home and Eye Hospital", "type": "hospital", "candidate_id": "CAND_0338", "ward_code": "M/W" }, "geometry": { "type": "Point", "coordinates": [ 72.9005605, 19.059862 ] } },
{ "type": "Feature", "properties": { "name": "Sai Kripa Childrens Hospital", "type": "hospital", "candidate_id": "CAND_0339", "ward_code": "D" }, "geometry": { "type": "Point", "coordinates": [ 72.8129124, 18.9626907 ] } },
{ "type": "Feature", "properties": { "name": "Sitla Hospital", "type": "hospital", "candidate_id": "CAND_0340", "ward_code": "M/W" }, "geometry": { "type": "Point", "coordinates": [ 72.8915977, 19.0521897 ] } },
{ "type": "Feature", "properties": { "name": "Tandon Hospital", "type": "hospital", "candidate_id": "CAND_0341", "ward_code": "M/W" }, "geometry": { "type": "Point", "coordinates": [ 72.900615, 19.058879 ] } },
{ "type": "Feature", "properties": { "name": "Varsha Gandre Parekh Maternity and Surgical Hospital", "type": "hospital", "candidate_id": "CAND_0342", "ward_code": "M/W" }, "geometry": { "type": "Point", "coordinates": [ 72.8981332, 19.0573721 ] } },
{ "type": "Feature", "properties": { "name": "Abhay Nursing Home", "type": "hospital", "candidate_id": "CAND_0343", "ward_code": "L" }, "geometry": { "type": "Point", "coordinates": [ 72.8872491, 19.1044022 ] } },
{ "type": "Feature", "properties": { "name": "Ashirwad Children And Surgical Hospital", "type": "hospital", "candidate_id": "CAND_0344", "ward_code": "L" }, "geometry": { "type": "Point", "coordinates": [ 72.88773, 19.10648 ] } },
{ "type": "Feature", "properties": { "name": "J.P Hospital", "type": "hospital", "candidate_id": "CAND_0345", "ward_code": "K/E" }, "geometry": { "type": "Point", "coordinates": [ 72.852967, 19.1245594 ] } },
{ "type": "Feature", "properties": { "name": "S B Nursing Home and Icu", "type": "hospital", "candidate_id": "CAND_0346", "ward_code": "S" }, "geometry": { "type": "Point", "coordinates": [ 72.9050809, 19.1196773 ] } },
{ "type": "Feature", "properties": { "name": "Turfiya Hospital and Icu", "type": "hospital", "candidate_id": "CAND_0347", "ward_code": "L" }, "geometry": { "type": "Point", "coordinates": [ 72.8876327, 19.1281781 ] } },
{ "type": "Feature", "properties": { "name": "Dr.Bhute Nursing Home", "type": "hospital", "candidate_id": "CAND_0348", "ward_code": "M/E" }, "geometry": { "type": "Point", "coordinates": [ 72.904425, 19.0208354 ] } },
{ "type": "Feature", "properties": { "name": "Inlaks General Hospital", "type": "hospital", "candidate_id": "CAND_0349", "ward_code": "M/W" }, "geometry": { "type": "Point", "coordinates": [ 72.8946608, 19.0464362 ] } },
{ "type": "Feature", "properties": { "name": "Dr. L.H. Hiranandani Hospital", "type": "hospital", "candidate_id": "CAND_0350", "ward_code": "S" }, "geometry": { "type": "Point", "coordinates": [ 72.917394, 19.1374852 ] } },
{ "type": "Feature", "properties": { "name": "Powai Polyclinic and Hospital", "type": "hospital", "candidate_id": "CAND_0351", "ward_code": "S" }, "geometry": { "type": "Point", "coordinates": [ 72.9170023, 19.1254172 ] } },
{ "type": "Feature", "properties": { "name": "Ashirwad Heart Hospital", "type": "hospital", "candidate_id": "CAND_0352", "ward_code": "N" }, "geometry": { "type": "Point", "coordinates": [ 72.9055233, 19.0762268 ] } },
{ "type": "Feature", "properties": { "name": "Ashwini Maternity and Surgical Hospital,Ghatkopar(E)", "type": "hospital", "candidate_id": "CAND_0353", "ward_code": "N" }, "geometry": { "type": "Point", "coordinates": [ 72.9000241, 19.0940687 ] } },
{ "type": "Feature", "properties": { "name": "Bakul Parekh Children's Hospital", "type": "hospital", "candidate_id": "CAND_0354", "ward_code": "N" }, "geometry": { "type": "Point", "coordinates": [ 72.9037124, 19.0791965 ] } },
{ "type": "Feature", "properties": { "name": "Cg Eye Foundaton and Shree Ghatkopar Brahman Samaj", "type": "hospital", "candidate_id": "CAND_0355", "ward_code": "N" }, "geometry": { "type": "Point", "coordinates": [ 72.907976, 19.07907 ] } },
{ "type": "Feature", "properties": { "name": "Dr Mehta Nursing Home", "type": "hospital", "candidate_id": "CAND_0356", "ward_code": "N" }, "geometry": { "type": "Point", "coordinates": [ 72.9081922, 19.0757557 ] } },
{ "type": "Feature", "properties": { "name": "Dr. Dipak Desai's Ear Nose And Throat Hospital", "type": "hospital", "candidate_id": "CAND_0357", "ward_code": "N" }, "geometry": { "type": "Point", "coordinates": [ 72.9067817, 19.0820978 ] } },
{ "type": "Feature", "properties": { "name": "L V Prasad Eye Institute Collaborating Center", "type": "hospital", "candidate_id": "CAND_0358", "ward_code": "N" }, "geometry": { "type": "Point", "coordinates": [ 72.9018877, 19.0791764 ] } },
{ "type": "Feature", "properties": { "name": "Malati Maternity Hospital", "type": "hospital", "candidate_id": "CAND_0359", "ward_code": "N" }, "geometry": { "type": "Point", "coordinates": [ 72.9091436, 19.0751377 ] } },
{ "type": "Feature", "properties": { "name": "Nayan Eye Centre", "type": "hospital", "candidate_id": "CAND_0361", "ward_code": "N" }, "geometry": { "type": "Point", "coordinates": [ 72.9080971, 19.0770917 ] } },
{ "type": "Feature", "properties": { "name": "Dr. Bhatias Ruby Hospital - Bhandup - Mumbai", "type": "hospital", "candidate_id": "CAND_0363", "ward_code": "S" }, "geometry": { "type": "Point", "coordinates": [ 72.9272317, 19.1462082 ] } },
{ "type": "Feature", "properties": { "name": "Dr. Thakurs Ear Nose Throat Clinic And Hospital - Bhandup (W) Mumbai", "type": "hospital", "candidate_id": "CAND_0364", "ward_code": "S" }, "geometry": { "type": "Point", "coordinates": [ 72.9389442, 19.1470738 ] } },
{ "type": "Feature", "properties": { "name": "Dr.Badwaiks Maternity and General Hospital", "type": "hospital", "candidate_id": "CAND_0365", "ward_code": "S" }, "geometry": { "type": "Point", "coordinates": [ 72.9327673, 19.1424376 ] } },
{ "type": "Feature", "properties": { "name": "Eye and I Dr.Kolhe's Eye Clinic", "type": "hospital", "candidate_id": "CAND_0366", "ward_code": "S" }, "geometry": { "type": "Point", "coordinates": [ 72.9353872, 19.1462749 ] } },
{ "type": "Feature", "properties": { "name": "J. K. Child Health Care and Nicu", "type": "hospital", "candidate_id": "CAND_0367", "ward_code": "S" }, "geometry": { "type": "Point", "coordinates": [ 72.9368292, 19.144698 ] } },
{ "type": "Feature", "properties": { "name": "Krishna Nursing Home", "type": "hospital", "candidate_id": "CAND_0368", "ward_code": "S" }, "geometry": { "type": "Point", "coordinates": [ 72.9372688, 19.1507653 ] } },
{ "type": "Feature", "properties": { "name": "Lotus Multispeciality Hospital", "type": "hospital", "candidate_id": "CAND_0369", "ward_code": "S" }, "geometry": { "type": "Point", "coordinates": [ 72.9411365, 19.1531246 ] } },
{ "type": "Feature", "properties": { "name": "M.S.Maternity and General Hospital", "type": "hospital", "candidate_id": "CAND_0370", "ward_code": "S" }, "geometry": { "type": "Point", "coordinates": [ 72.9299079, 19.1474511 ] } },
{ "type": "Feature", "properties": { "name": "Mahek Nursing Home", "type": "hospital", "candidate_id": "CAND_0371", "ward_code": "S" }, "geometry": { "type": "Point", "coordinates": [ 72.9326121, 19.1493933 ] } },
{ "type": "Feature", "properties": { "name": "Nadkarni Eye Care Centres", "type": "hospital", "candidate_id": "CAND_0372", "ward_code": "S" }, "geometry": { "type": "Point", "coordinates": [ 72.936863, 19.1505614 ] } },
{ "type": "Feature", "properties": { "name": "Sas Health Care Pvt. Limited", "type": "hospital", "candidate_id": "CAND_0373", "ward_code": "S" }, "geometry": { "type": "Point", "coordinates": [ 72.9294528, 19.147626 ] } },
{ "type": "Feature", "properties": { "name": "Setty's Endoscopic Surgical Centre", "type": "hospital", "candidate_id": "CAND_0374", "ward_code": "S" }, "geometry": { "type": "Point", "coordinates": [ 72.9318038, 19.1473592 ] } },
{ "type": "Feature", "properties": { "name": "Samarth Hospital", "type": "hospital", "candidate_id": "CAND_0375", "ward_code": "S" }, "geometry": { "type": "Point", "coordinates": [ 72.9225416, 19.1067711 ] } },
{ "type": "Feature", "properties": { "name": "Abhinav Kidney Dialysis And Health Centre - Mulund", "type": "hospital", "candidate_id": "CAND_0376", "ward_code": "T" }, "geometry": { "type": "Point", "coordinates": [ 72.942537, 19.1725542 ] } },
{ "type": "Feature", "properties": { "name": "Anmmol Orthovision", "type": "hospital", "candidate_id": "CAND_0377", "ward_code": "T" }, "geometry": { "type": "Point", "coordinates": [ 72.9469977, 19.186169 ] } },
{ "type": "Feature", "properties": { "name": "Aparna Hospital", "type": "hospital", "candidate_id": "CAND_0378", "ward_code": "K/E" }, "geometry": { "type": "Point", "coordinates": [ 72.8553466, 19.0959087 ] } },
{ "type": "Feature", "properties": { "name": "Arogya Health Care", "type": "hospital", "candidate_id": "CAND_0379", "ward_code": "T" }, "geometry": { "type": "Point", "coordinates": [ 72.9498535, 19.1791186 ] } },
{ "type": "Feature", "properties": { "name": "Ashirwad Critical Care Unit", "type": "hospital", "candidate_id": "CAND_0380", "ward_code": "T" }, "geometry": { "type": "Point", "coordinates": [ 72.9476017, 19.1758053 ] } },
{ "type": "Feature", "properties": { "name": "Cancer Care", "type": "hospital", "candidate_id": "CAND_0381", "ward_code": "T" }, "geometry": { "type": "Point", "coordinates": [ 72.9637728, 19.1565109 ] } },
{ "type": "Feature", "properties": { "name": "Chetna Critical Care Unit", "type": "hospital", "candidate_id": "CAND_0382", "ward_code": "T" }, "geometry": { "type": "Point", "coordinates": [ 72.9526923, 19.1745575 ] } },
{ "type": "Feature", "properties": { "name": "Daxini Heart Centre", "type": "hospital", "candidate_id": "CAND_0383", "ward_code": "T" }, "geometry": { "type": "Point", "coordinates": [ 72.9517295, 19.1761159 ] } },
{ "type": "Feature", "properties": { "name": "Dr. R.J. Ganatra's Nursing Home", "type": "hospital", "candidate_id": "CAND_0384", "ward_code": "R/C" }, "geometry": { "type": "Point", "coordinates": [ 72.8548501, 19.2375183 ] } },
{ "type": "Feature", "properties": { "name": "Drishti Eye Care Centre", "type": "hospital", "candidate_id": "CAND_0385", "ward_code": "T" }, "geometry": { "type": "Point", "coordinates": [ 72.9535574, 19.1734608 ] } },
{ "type": "Feature", "properties": { "name": "Holy Trinity Hospital", "type": "hospital", "candidate_id": "CAND_0386", "ward_code": "T" }, "geometry": { "type": "Point", "coordinates": [ 72.9512289, 19.1674543 ] } },
{ "type": "Feature", "properties": { "name": "Jas-Raj Hospital", "type": "hospital", "candidate_id": "CAND_0387", "ward_code": "T" }, "geometry": { "type": "Point", "coordinates": [ 72.9528652, 19.1753538 ] } },
{ "type": "Feature", "properties": { "name": "Lakshmi Nursing Home", "type": "hospital", "candidate_id": "CAND_0388", "ward_code": "T" }, "geometry": { "type": "Point", "coordinates": [ 72.9506072, 19.1672624 ] } },
{ "type": "Feature", "properties": { "name": "Mission Nephro-Uro Pvt Ltd", "type": "hospital", "candidate_id": "CAND_0389", "ward_code": "T" }, "geometry": { "type": "Point", "coordinates": [ 72.9532236, 19.1753134 ] } },
{ "type": "Feature", "properties": { "name": "Orthocare and Ria Nursing Home", "type": "hospital", "candidate_id": "CAND_0391", "ward_code": "T" }, "geometry": { "type": "Point", "coordinates": [ 72.9563451, 19.1793036 ] } },
{ "type": "Feature", "properties": { "name": "Padmashree Nursing Home (Mulund)", "type": "hospital", "candidate_id": "CAND_0392", "ward_code": "T" }, "geometry": { "type": "Point", "coordinates": [ 72.9419373, 19.1747331 ] } },
{ "type": "Feature", "properties": { "name": "Pooja Nursing Home Pvt. Ltd.", "type": "hospital", "candidate_id": "CAND_0393", "ward_code": "T" }, "geometry": { "type": "Point", "coordinates": [ 72.9504364, 19.1672312 ] } },
{ "type": "Feature", "properties": { "name": "Shettys Endoscopic Surgical Center", "type": "hospital", "candidate_id": "CAND_0394", "ward_code": "T" }, "geometry": { "type": "Point", "coordinates": [ 72.9504824, 19.1721433 ] } },
{ "type": "Feature", "properties": { "name": "Shree Ram Eye Care Centre", "type": "hospital", "candidate_id": "CAND_0395", "ward_code": "S" }, "geometry": { "type": "Point", "coordinates": [ 72.9524625, 19.1557098 ] } },
{ "type": "Feature", "properties": { "name": "Shree Sai Maternity and Surgical Nursing Home", "type": "hospital", "candidate_id": "CAND_0396", "ward_code": "T" }, "geometry": { "type": "Point", "coordinates": [ 72.9453184, 19.1641019 ] } },
{ "type": "Feature", "properties": { "name": "Swastika Nursing Home", "type": "hospital", "candidate_id": "CAND_0397", "ward_code": "F/N" }, "geometry": { "type": "Point", "coordinates": [ 72.8591851, 19.0351003 ] } },
{ "type": "Feature", "properties": { "name": "Veena Nagar Health Care Center and Hospital", "type": "hospital", "candidate_id": "CAND_0398", "ward_code": "T" }, "geometry": { "type": "Point", "coordinates": [ 72.944899, 19.180878 ] } },
{ "type": "Feature", "properties": { "name": "Vertex Hospital", "type": "hospital", "candidate_id": "CAND_0399", "ward_code": "T" }, "geometry": { "type": "Point", "coordinates": [ 72.9169635, 19.1444557 ] } },
{ "type": "Feature", "properties": { "name": "Dr. Sabnis Maternity and Nursing Home", "type": "hospital", "candidate_id": "CAND_0400", "ward_code": "T" }, "geometry": { "type": "Point", "coordinates": [ 72.9622211, 19.171775 ] } },
{ "type": "Feature", "properties": { "name": "Gomathi Eye Centre", "type": "hospital", "candidate_id": "CAND_0401", "ward_code": "T" }, "geometry": { "type": "Point", "coordinates": [ 72.9596346, 19.1695051 ] } },
{ "type": "Feature", "properties": { "name": "International Institute Of Sleep Sciences", "type": "hospital", "candidate_id": "CAND_0402", "ward_code": "T" }, "geometry": { "type": "Point", "coordinates": [ 72.9566508, 19.1735888 ] } },
{ "type": "Feature", "properties": { "name": "Mahatme  Eye Hospital", "type": "hospital", "candidate_id": "CAND_0403", "ward_code": "T" }, "geometry": { "type": "Point", "coordinates": [ 72.9579077, 19.1695809 ] } },
{ "type": "Feature", "properties": { "name": "Maher Maternity and Nursing Home", "type": "hospital", "candidate_id": "CAND_0404", "ward_code": "T" }, "geometry": { "type": "Point", "coordinates": [ 72.958854, 19.1702704 ] } },
{ "type": "Feature", "properties": { "name": "Shushrusha Hospital and Icu", "type": "hospital", "candidate_id": "CAND_0405", "ward_code": "T" }, "geometry": { "type": "Point", "coordinates": [ 72.9578599, 19.1714081 ] } },
{ "type": "Feature", "properties": { "name": "Ashirwad Maternity and Nursing Home", "type": "hospital", "candidate_id": "CAND_0406", "ward_code": "T" }, "geometry": { "type": "Point", "coordinates": [ 72.933681, 19.1711783 ] } },
{ "type": "Feature", "properties": { "name": "Atul - Lok Hospital", "type": "hospital", "candidate_id": "CAND_0407", "ward_code": "S" }, "geometry": { "type": "Point", "coordinates": [ 72.9327686, 19.1176258 ] } },
{ "type": "Feature", "properties": { "name": "Godrej Memorial Hospital", "type": "hospital", "candidate_id": "CAND_0408", "ward_code": "N" }, "geometry": { "type": "Point", "coordinates": [ 72.9239095, 19.0966611 ] } },
{ "type": "Feature", "properties": { "name": "Jan-Seva Charitable Trust`S Sai-Krupa General Hospital", "type": "hospital", "candidate_id": "CAND_0409", "ward_code": "S" }, "geometry": { "type": "Point", "coordinates": [ 72.937045, 19.1167435 ] } },
{ "type": "Feature", "properties": { "name": "Laxmi Health Care Center and Iccu", "type": "hospital", "candidate_id": "CAND_0410", "ward_code": "N" }, "geometry": { "type": "Point", "coordinates": [ 72.9208636, 19.091182 ] } },
{ "type": "Feature", "properties": { "name": "Shrinathji Hospital", "type": "hospital", "candidate_id": "CAND_0411", "ward_code": "S" }, "geometry": { "type": "Point", "coordinates": [ 72.9306159, 19.1132913 ] } },
{ "type": "Feature", "properties": { "name": "Sagar Nursing Home and Icu", "type": "hospital", "candidate_id": "CAND_0412", "ward_code": "N" }, "geometry": { "type": "Point", "coordinates": [ 72.9076669, 19.0908063 ] } },
{ "type": "Feature", "properties": { "name": "Dr. Bhanushalis Nursingh Home", "type": "hospital", "candidate_id": "CAND_0413", "ward_code": "N" }, "geometry": { "type": "Point", "coordinates": [ 72.9013911, 19.0898504 ] } },
{ "type": "Feature", "properties": { "name": "Furia's Eye Clinic", "type": "hospital", "candidate_id": "CAND_0414", "ward_code": "N" }, "geometry": { "type": "Point", "coordinates": [ 72.9075341, 19.0890786 ] } },
{ "type": "Feature", "properties": { "name": "H. J. Doshi Ghatkopar Hindu Sabha Hospital", "type": "hospital", "candidate_id": "CAND_0415", "ward_code": "F/N" }, "geometry": { "type": "Point", "coordinates": [ 72.8560871, 19.0294825 ] } },
{ "type": "Feature", "properties": { "name": "Harilal Jechand Doshi Ghotkopar Hindu Sabha Hospit", "type": "hospital", "candidate_id": "CAND_0416", "ward_code": "N" }, "geometry": { "type": "Point", "coordinates": [ 72.9080866, 19.0860468 ] } },
{ "type": "Feature", "properties": { "name": "Jeevan Jyot Hospital", "type": "hospital", "candidate_id": "CAND_0417", "ward_code": "S" }, "geometry": { "type": "Point", "coordinates": [ 72.9373038, 19.1445583 ] } },
{ "type": "Feature", "properties": { "name": "Matangi Nursing Home", "type": "hospital", "candidate_id": "CAND_0418", "ward_code": "N" }, "geometry": { "type": "Point", "coordinates": [ 72.9080266, 19.0886373 ] } },
{ "type": "Feature", "properties": { "name": "Medico Surgical Clinic And Hospital", "type": "hospital", "candidate_id": "CAND_0419", "ward_code": "N" }, "geometry": { "type": "Point", "coordinates": [ 72.90482, 19.0879271 ] } },
{ "type": "Feature", "properties": { "name": "Pushpak Maternity and Nursing Home", "type": "hospital", "candidate_id": "CAND_0420", "ward_code": "N" }, "geometry": { "type": "Point", "coordinates": [ 72.9117206, 19.1029426 ] } },
{ "type": "Feature", "properties": { "name": "Sanghavi Eye Clinic", "type": "hospital", "candidate_id": "CAND_0421", "ward_code": "N" }, "geometry": { "type": "Point", "coordinates": [ 72.9041042, 19.0864675 ] } },
{ "type": "Feature", "properties": { "name": "Sanjeevani Nursing Home", "type": "hospital", "candidate_id": "CAND_0422", "ward_code": "N" }, "geometry": { "type": "Point", "coordinates": [ 72.9079402, 19.0868475 ] } },
{ "type": "Feature", "properties": { "name": "Shradha Heart Hospital", "type": "hospital", "candidate_id": "CAND_0423", "ward_code": "N" }, "geometry": { "type": "Point", "coordinates": [ 72.9136926, 19.0932331 ] } },
{ "type": "Feature", "properties": { "name": "Vaibhav Polyclinic and Siddharth Nursing Home", "type": "hospital", "candidate_id": "CAND_0424", "ward_code": "N" }, "geometry": { "type": "Point", "coordinates": [ 72.905286, 19.0880594 ] } },
{ "type": "Feature", "properties": { "name": "Vatsalya Maternity and Surgical Nursing Home", "type": "hospital", "candidate_id": "CAND_0425", "ward_code": "G/S" }, "geometry": { "type": "Point", "coordinates": [ 72.832083, 19.010738 ] } },
{ "type": "Feature", "properties": { "name": "Kallash Jeevan Hospital", "type": "hospital", "candidate_id": "CAND_0426", "ward_code": "M/E" }, "geometry": { "type": "Point", "coordinates": [ 72.9194798, 19.0516874 ] } },
{ "type": "Feature", "properties": { "name": "Priya Maternity Home", "type": "hospital", "candidate_id": "CAND_0427", "ward_code": "S" }, "geometry": { "type": "Point", "coordinates": [ 72.9324731, 19.1108713 ] } },
{ "type": "Feature", "properties": { "name": "Shramik Nursing Home", "type": "hospital", "candidate_id": "CAND_0428", "ward_code": "M/W" }, "geometry": { "type": "Point", "coordinates": [ 72.9053059, 19.0609237 ] } },
{ "type": "Feature", "properties": { "name": "Bhargav Medical Centre", "type": "hospital", "candidate_id": "CAND_0429", "ward_code": "R/C" }, "geometry": { "type": "Point", "coordinates": [ 72.8444188, 19.2268919 ] } },
{ "type": "Feature", "properties": { "name": "Dr. Abhijit Mahadeo Valanju", "type": "hospital", "candidate_id": "CAND_0430", "ward_code": "R/N" }, "geometry": { "type": "Point", "coordinates": [ 72.8500441, 19.2486286 ] } },
{ "type": "Feature", "properties": { "name": "Rajendra Maternity and Surgical Nursing Home", "type": "hospital", "candidate_id": "CAND_0431", "ward_code": "R/C" }, "geometry": { "type": "Point", "coordinates": [ 72.8452546, 19.2380341 ] } },
{ "type": "Feature", "properties": { "name": "Aastha Eye Clinic", "type": "hospital", "candidate_id": "CAND_0432", "ward_code": "R/C" }, "geometry": { "type": "Point", "coordinates": [ 72.8387275, 19.231169 ] } },
{ "type": "Feature", "properties": { "name": "Anand Medical Centre", "type": "hospital", "candidate_id": "CAND_0433", "ward_code": "R/C" }, "geometry": { "type": "Point", "coordinates": [ 72.8534365, 19.222312 ] } },
{ "type": "Feature", "properties": { "name": "Belle-Vue General Nursing Home", "type": "hospital", "candidate_id": "CAND_0434", "ward_code": "K/W" }, "geometry": { "type": "Point", "coordinates": [ 72.8342384, 19.1314413 ] } },
{ "type": "Feature", "properties": { "name": "Bhagat Nursing Home", "type": "hospital", "candidate_id": "CAND_0435", "ward_code": "R/C" }, "geometry": { "type": "Point", "coordinates": [ 72.8607045, 19.235267 ] } },
{ "type": "Feature", "properties": { "name": "Kaustubh Icu, Maternity Nursing Home", "type": "hospital", "candidate_id": "CAND_0436", "ward_code": "R/N" }, "geometry": { "type": "Point", "coordinates": [ 72.8506775, 19.2505412 ] } },
{ "type": "Feature", "properties": { "name": "Lancelot Dialysis Unit", "type": "hospital", "candidate_id": "CAND_0437", "ward_code": "R/C" }, "geometry": { "type": "Point", "coordinates": [ 72.8522215, 19.2187105 ] } },
{ "type": "Feature", "properties": { "name": "Niramay Mother-Care Centre (Maternity and Surgical)", "type": "hospital", "candidate_id": "CAND_0438", "ward_code": "R/C" }, "geometry": { "type": "Point", "coordinates": [ 72.8399394, 19.2213018 ] } },
{ "type": "Feature", "properties": { "name": "Patel Nursing Home", "type": "hospital", "candidate_id": "CAND_0439", "ward_code": "R/C" }, "geometry": { "type": "Point", "coordinates": [ 72.8549865, 19.226821 ] } },
{ "type": "Feature", "properties": { "name": "Raj Jyoti Hospital", "type": "hospital", "candidate_id": "CAND_0440", "ward_code": "R/C" }, "geometry": { "type": "Point", "coordinates": [ 72.8404511, 19.2301995 ] } },
{ "type": "Feature", "properties": { "name": "Renuka Children Clinic and Medicare Centre", "type": "hospital", "candidate_id": "CAND_0441", "ward_code": "R/N" }, "geometry": { "type": "Point", "coordinates": [ 72.8478044, 19.2449206 ] } },
{ "type": "Feature", "properties": { "name": "Rose Petal Nursing Home", "type": "hospital", "candidate_id": "CAND_0442", "ward_code": "R/C" }, "geometry": { "type": "Point", "coordinates": [ 72.8514375, 19.2290453 ] } },
{ "type": "Feature", "properties": { "name": "Sanghvi Maternity and Surgical Hospital", "type": "hospital", "candidate_id": "CAND_0443", "ward_code": "R/C" }, "geometry": { "type": "Point", "coordinates": [ 72.848035, 19.2172084 ] } },
{ "type": "Feature", "properties": { "name": "Seth Ent and Eye Clinic", "type": "hospital", "candidate_id": "CAND_0444", "ward_code": "R/N" }, "geometry": { "type": "Point", "coordinates": [ 72.8502157, 19.2465825 ] } },
{ "type": "Feature", "properties": { "name": "Shah Surgical And Maternity Nursing Home", "type": "hospital", "candidate_id": "CAND_0445", "ward_code": "R/C" }, "geometry": { "type": "Point", "coordinates": [ 72.8524778, 19.219868 ] } },
{ "type": "Feature", "properties": { "name": "Shivani Medical Centre", "type": "hospital", "candidate_id": "CAND_0446", "ward_code": "R/C" }, "geometry": { "type": "Point", "coordinates": [ 72.844611, 19.223019 ] } },
{ "type": "Feature", "properties": { "name": "Shree Borivli Gujarati Seva Mandal", "type": "hospital", "candidate_id": "CAND_0447", "ward_code": "R/C" }, "geometry": { "type": "Point", "coordinates": [ 72.8519442, 19.2262703 ] } },
{ "type": "Feature", "properties": { "name": "Vinit Eye Clinic Retina And Laser Centre", "type": "hospital", "candidate_id": "CAND_0448", "ward_code": "R/C" }, "geometry": { "type": "Point", "coordinates": [ 72.8475542, 19.2287365 ] } },
{ "type": "Feature", "properties": { "name": "Aditya Nursing Home", "type": "hospital", "candidate_id": "CAND_0449", "ward_code": "P/S" }, "geometry": { "type": "Point", "coordinates": [ 72.8381842, 19.1542933 ] } },
{ "type": "Feature", "properties": { "name": "Dr Rays Clinic", "type": "hospital", "candidate_id": "CAND_0450", "ward_code": "K/E" }, "geometry": { "type": "Point", "coordinates": [ 72.8700524, 19.1370311 ] } },
{ "type": "Feature", "properties": { "name": "Dr.Sakhalkars Maternity and Nursing Home - Andheri", "type": "hospital", "candidate_id": "CAND_0451", "ward_code": "K/E" }, "geometry": { "type": "Point", "coordinates": [ 72.8641387, 19.1229678 ] } },
{ "type": "Feature", "properties": { "name": "Indu Maternity and Surgical Nursing Home - Andheri", "type": "hospital", "candidate_id": "CAND_0452", "ward_code": "K/E" }, "geometry": { "type": "Point", "coordinates": [ 72.8623075, 19.1278936 ] } },
{ "type": "Feature", "properties": { "name": "Shree Ramnath Eye Care", "type": "hospital", "candidate_id": "CAND_0453", "ward_code": "K/E" }, "geometry": { "type": "Point", "coordinates": [ 72.8557189, 19.109099 ] } },
{ "type": "Feature", "properties": { "name": "Agrawal Clinic", "type": "hospital", "candidate_id": "CAND_0454", "ward_code": "P/N" }, "geometry": { "type": "Point", "coordinates": [ 72.8573826, 19.1886713 ] } },
{ "type": "Feature", "properties": { "name": "Devangi Hospital", "type": "hospital", "candidate_id": "CAND_0455", "ward_code": "P/N" }, "geometry": { "type": "Point", "coordinates": [ 72.8574558, 19.1808735 ] } },
{ "type": "Feature", "properties": { "name": "Krishna Eye Care Centre", "type": "hospital", "candidate_id": "CAND_0456", "ward_code": "P/N" }, "geometry": { "type": "Point", "coordinates": [ 72.8533692, 19.1834374 ] } },
{ "type": "Feature", "properties": { "name": "Malad Clinical and Pathological Laboratory", "type": "hospital", "candidate_id": "CAND_0457", "ward_code": "P/N" }, "geometry": { "type": "Point", "coordinates": [ 72.8565805, 19.1825133 ] } },
{ "type": "Feature", "properties": { "name": "Shraddha Orthopedic and Surgical Hospital", "type": "hospital", "candidate_id": "CAND_0458", "ward_code": "P/N" }, "geometry": { "type": "Point", "coordinates": [ 72.855971, 19.1903411 ] } },
{ "type": "Feature", "properties": { "name": "Suchak Hospital", "type": "hospital", "candidate_id": "CAND_0459", "ward_code": "P/N" }, "geometry": { "type": "Point", "coordinates": [ 72.8500318, 19.1889023 ] } },
{ "type": "Feature", "properties": { "name": "Clinic (Dr.Vaishnavi Patil)", "type": "hospital", "candidate_id": "CAND_0460", "ward_code": "L" }, "geometry": { "type": "Point", "coordinates": [ 72.8834355, 19.0620527 ] } },
{ "type": "Feature", "properties": { "name": "Veena Clinic", "type": "hospital", "candidate_id": "CAND_0461", "ward_code": "K/E" }, "geometry": { "type": "Point", "coordinates": [ 72.8582672, 19.1097712 ] } },
{ "type": "Feature", "properties": { "name": "Laxmi Clinic - Kandivli - (Mumbai)", "type": "hospital", "candidate_id": "CAND_0462", "ward_code": "R/S" }, "geometry": { "type": "Point", "coordinates": [ 72.859212, 19.2018029 ] } },
{ "type": "Feature", "properties": { "name": "Medha Maternity and Nursing Home - Kandivali (E) Mumbai", "type": "hospital", "candidate_id": "CAND_0463", "ward_code": "R/S" }, "geometry": { "type": "Point", "coordinates": [ 72.8754354, 19.1956904 ] } },
{ "type": "Feature", "properties": { "name": "New Life Nursing Home", "type": "hospital", "candidate_id": "CAND_0464", "ward_code": "R/S" }, "geometry": { "type": "Point", "coordinates": [ 72.8648413, 19.2064722 ] } },
{ "type": "Feature", "properties": { "name": "Nupur Nursing Home - Kandivli", "type": "hospital", "candidate_id": "CAND_0465", "ward_code": "R/N" }, "geometry": { "type": "Point", "coordinates": [ 72.8635548, 19.2594417 ] } },
{ "type": "Feature", "properties": { "name": "Omm Sai Nursing Home - Kandivali, Mumbai", "type": "hospital", "candidate_id": "CAND_0466", "ward_code": "R/S" }, "geometry": { "type": "Point", "coordinates": [ 72.8737217, 19.2114533 ] } },
{ "type": "Feature", "properties": { "name": "Saibaba Maternity and Nursing Home", "type": "hospital", "candidate_id": "CAND_0467", "ward_code": "R/S" }, "geometry": { "type": "Point", "coordinates": [ 72.856749, 19.2017881 ] } },
{ "type": "Feature", "properties": { "name": "Sanchaiti Hospital", "type": "hospital", "candidate_id": "CAND_0468", "ward_code": "R/S" }, "geometry": { "type": "Point", "coordinates": [ 72.8590491, 19.2014495 ] } },
{ "type": "Feature", "properties": { "name": "Shreeji Hospital (Kandivli)", "type": "hospital", "candidate_id": "CAND_0469", "ward_code": "R/S" }, "geometry": { "type": "Point", "coordinates": [ 72.8692653, 19.2009337 ] } },
{ "type": "Feature", "properties": { "name": "Vikas Diagnostic Centre", "type": "hospital", "candidate_id": "CAND_0470", "ward_code": "R/C" }, "geometry": { "type": "Point", "coordinates": [ 72.8655789, 19.2139911 ] } },
{ "type": "Feature", "properties": { "name": "Pratima Maternity and Surgical Nursing Home", "type": "hospital", "candidate_id": "CAND_0471", "ward_code": "K/W" }, "geometry": { "type": "Point", "coordinates": [ 72.84371, 19.1332655 ] } },
{ "type": "Feature", "properties": { "name": "Shivam Netram Eye Hospital", "type": "hospital", "candidate_id": "CAND_0472", "ward_code": "K/W" }, "geometry": { "type": "Point", "coordinates": [ 72.8430671, 19.1439388 ] } },
{ "type": "Feature", "properties": { "name": "Cumbala Hill Hospital and Heart Institute", "type": "hospital", "candidate_id": "CAND_0473", "ward_code": "D" }, "geometry": { "type": "Point", "coordinates": [ 72.8098026, 18.9624555 ] } },
{ "type": "Feature", "properties": { "name": "Asian Heart Institute And Research Center", "type": "hospital", "candidate_id": "CAND_0474", "ward_code": "H/E" }, "geometry": { "type": "Point", "coordinates": [ 72.861656, 19.06413 ] } },
{ "type": "Feature", "properties": { "name": "Lilavati Hospital and Research Center", "type": "hospital", "candidate_id": "CAND_0475", "ward_code": "H/W" }, "geometry": { "type": "Point", "coordinates": [ 72.8346314, 19.0515721 ] } },
{ "type": "Feature", "properties": { "name": "Tata Memorial Hospital", "type": "hospital", "candidate_id": "CAND_0476", "ward_code": "F/S" }, "geometry": { "type": "Point", "coordinates": [ 72.8426707, 19.0041141 ] } },
{ "type": "Feature", "properties": { "name": "Bhatia General Hospital", "type": "hospital", "candidate_id": "CAND_0477", "ward_code": "D" }, "geometry": { "type": "Point", "coordinates": [ 72.8152953, 18.9664679 ] } },
{ "type": "Feature", "properties": { "name": "Bombay Hospital And Medical Research Center", "type": "hospital", "candidate_id": "CAND_0478", "ward_code": "A" }, "geometry": { "type": "Point", "coordinates": [ 72.827324, 18.941002 ] } },
{ "type": "Feature", "properties": { "name": "Saifee Hospital", "type": "hospital", "candidate_id": "CAND_0479", "ward_code": "D" }, "geometry": { "type": "Point", "coordinates": [ 72.818199, 18.952508 ] } },
{ "type": "Feature", "properties": { "name": "Fortis Hospitals, Mulund", "type": "hospital", "candidate_id": "CAND_0480", "ward_code": "P/N" }, "geometry": { "type": "Point", "coordinates": [ 72.8348753, 19.1918191 ] } },
{ "type": "Feature", "properties": { "name": "Jaslok Hospital And Medical Research Institute", "type": "hospital", "candidate_id": "CAND_0481", "ward_code": "D" }, "geometry": { "type": "Point", "coordinates": [ 72.8097374, 18.9755757 ] } },
{ "type": "Feature", "properties": { "name": "Aditya Jyot Eye Hospital", "type": "hospital", "candidate_id": "CAND_0482", "ward_code": "F/N" }, "geometry": { "type": "Point", "coordinates": [ 72.855261, 19.0164103 ] } },
{ "type": "Feature", "properties": { "name": "Bombay City Eye Institute and Research Centre", "type": "hospital", "candidate_id": "CAND_0483", "ward_code": "D" }, "geometry": { "type": "Point", "coordinates": [ 72.8175748, 18.9629992 ] } },
{ "type": "Feature", "properties": { "name": "The B.D.Petit Parsee General Hospital", "type": "hospital", "candidate_id": "CAND_0484", "ward_code": "D" }, "geometry": { "type": "Point", "coordinates": [ 72.805182, 18.9668749 ] } },
{ "type": "Feature", "properties": { "name": "Asian Heart Institute", "type": "hospital", "candidate_id": "CAND_0485", "ward_code": "H/E" }, "geometry": { "type": "Point", "coordinates": [ 72.8537634, 19.0562207 ] } },
{ "type": "Feature", "properties": { "name": "CGHS Dispensary No.5, Santacruz", "type": "hospital", "candidate_id": "CAND_0486", "ward_code": "K/E" }, "geometry": { "type": "Point", "coordinates": [ 72.854365, 19.1034191 ] } },
{ "type": "Feature", "properties": { "name": "CGHS Dispensary No.6, Ghatkopar", "type": "hospital", "candidate_id": "CAND_0487", "ward_code": "S" }, "geometry": { "type": "Point", "coordinates": [ 72.9379362, 19.1403981 ] } },
{ "type": "Feature", "properties": { "name": "CGHS Dispensary No.8, Koliwada", "type": "hospital", "candidate_id": "CAND_0488", "ward_code": "F/N" }, "geometry": { "type": "Point", "coordinates": [ 72.862675, 19.030998 ] } },
{ "type": "Feature", "properties": { "name": "CGHS Dispensary No.11, Byculla", "type": "hospital", "candidate_id": "CAND_0489", "ward_code": "E" }, "geometry": { "type": "Point", "coordinates": [ 72.8298837, 18.9751131 ] } },
{ "type": "Feature", "properties": { "name": "CGHS Dispensary No.14, Vakola", "type": "hospital", "candidate_id": "CAND_0490", "ward_code": "H/E" }, "geometry": { "type": "Point", "coordinates": [ 72.8500307, 19.0788783 ] } },
{ "type": "Feature", "properties": { "name": "CGHS Dispensary No.17, Bhandup", "type": "hospital", "candidate_id": "CAND_0491", "ward_code": "S" }, "geometry": { "type": "Point", "coordinates": [ 72.931134, 19.149901 ] } },
{ "type": "Feature", "properties": { "name": "CGHS Dispensary No.21, Sahar", "type": "hospital", "candidate_id": "CAND_0492", "ward_code": "K/E" }, "geometry": { "type": "Point", "coordinates": [ 72.8631724, 19.1015512 ] } },
{ "type": "Feature", "properties": { "name": "CGHS Dispensary No.25, Jogeshwari", "type": "hospital", "candidate_id": "CAND_0493", "ward_code": "K/E" }, "geometry": { "type": "Point", "coordinates": [ 72.8607789, 19.1319685 ] } },
{ "type": "Feature", "properties": { "name": "CGHS Sub-Dispensary Nepean Sea Road", "type": "hospital", "candidate_id": "CAND_0494", "ward_code": "D" }, "geometry": { "type": "Point", "coordinates": [ 72.8012627, 18.9593271 ] } },
{ "type": "Feature", "properties": { "name": "CGHS Polyclinic Koliwada", "type": "hospital", "candidate_id": "CAND_0495", "ward_code": "F/N" }, "geometry": { "type": "Point", "coordinates": [ 72.864102, 19.0327797 ] } },
{ "type": "Feature", "properties": { "name": "Aditi Hospital", "type": "hospital", "candidate_id": "CAND_0496", "ward_code": "R/C" }, "geometry": { "type": "Point", "coordinates": [ 72.8637163, 19.2132136 ] } },
{ "type": "Feature", "properties": { "name": "Jaslok Hospital", "type": "hospital", "candidate_id": "CAND_0497", "ward_code": "D" }, "geometry": { "type": "Point", "coordinates": [ 72.8072647, 18.9681978 ] } },
{ "type": "Feature", "properties": { "name": "Zynova Heart Hospital", "type": "hospital", "candidate_id": "CAND_0498", "ward_code": "N" }, "geometry": { "type": "Point", "coordinates": [ 72.907247, 19.0889039 ] } },
{ "type": "Feature", "properties": { "name": "Hinduja Healthcare Surgical", "type": "hospital", "candidate_id": "CAND_0500", "ward_code": "H/W" }, "geometry": { "type": "Point", "coordinates": [ 72.8352484, 19.0685232 ] } },
{ "type": "Feature", "properties": { "name": "Hira Mongi Navneet Hospital", "type": "hospital", "candidate_id": "CAND_0501", "ward_code": "T" }, "geometry": { "type": "Point", "coordinates": [ 72.9505973, 19.1709732 ] } },
{ "type": "Feature", "properties": { "name": "Joy Hospital Pvt Ltd", "type": "hospital", "candidate_id": "CAND_0502", "ward_code": "K/W" }, "geometry": { "type": "Point", "coordinates": [ 72.825288, 19.1095683 ] } },
{ "type": "Feature", "properties": { "name": "Lifeline Hospital", "type": "hospital", "candidate_id": "CAND_0504", "ward_code": "P/N" }, "geometry": { "type": "Point", "coordinates": [ 72.8465927, 19.1938477 ] } },
{ "type": "Feature", "properties": { "name": "Nanavati Hospital", "type": "hospital", "candidate_id": "CAND_0505", "ward_code": "K/W" }, "geometry": { "type": "Point", "coordinates": [ 72.839654, 19.094854 ] } },
{ "type": "Feature", "properties": { "name": "Rane Heart Hospital", "type": "hospital", "candidate_id": "CAND_0506", "ward_code": "M/W" }, "geometry": { "type": "Point", "coordinates": [ 72.902584, 19.0691719 ] } },
{ "type": "Feature", "properties": { "name": "Sangita Maternity Surgical and Diagnostic Centre", "type": "hospital", "candidate_id": "CAND_0508", "ward_code": "K/E" }, "geometry": { "type": "Point", "coordinates": [ 72.846563, 19.1171389 ] } },
{ "type": "Feature", "properties": { "name": "Gowalia Tank Fire Station", "type": "fire_station", "candidate_id": "CAND_0509", "ward_code": "D" }, "geometry": { "type": "Point", "coordinates": [ 72.812734350000014, 18.9617195 ] } },
{ "type": "Feature", "properties": { "name": "Dadar Fire Brigade", "type": "fire_station", "candidate_id": "CAND_0510", "ward_code": "F/S" }, "geometry": { "type": "Point", "coordinates": [ 72.84567354760911, 19.014183578508494 ] } },
{ "type": "Feature", "properties": { "name": "Malwani Fire Station", "type": "fire_station", "candidate_id": "CAND_0511", "ward_code": "P/N" }, "geometry": { "type": "Point", "coordinates": [ 72.822648682150344, 19.196575361295224 ] } },
{ "type": "Feature", "properties": { "name": null, "type": "fire_station", "candidate_id": "CAND_0512", "ward_code": "A" }, "geometry": { "type": "Point", "coordinates": [ 72.834626684142535, 18.93511373367539 ] } },
{ "type": "Feature", "properties": { "name": "Nariman Point Fire Station", "type": "fire_station", "candidate_id": "CAND_0513", "ward_code": "A" }, "geometry": { "type": "Point", "coordinates": [ 72.826094161787466, 18.92297189951363 ] } },
{ "type": "Feature", "properties": { "name": "Borivali Firestation", "type": "fire_station", "candidate_id": "CAND_0514", "ward_code": "R/C" }, "geometry": { "type": "Point", "coordinates": [ 72.840009446147107, 19.229809881678147 ] } },
{ "type": "Feature", "properties": { "name": "Kandivali Fire Station", "type": "fire_station", "candidate_id": "CAND_0515", "ward_code": "R/S" }, "geometry": { "type": "Point", "coordinates": [ 72.850465367813385, 19.206009759489294 ] } },
{ "type": "Feature", "properties": { "name": "Kurla Agnishaman Kendra", "type": "fire_station", "candidate_id": "CAND_0516", "ward_code": "L" }, "geometry": { "type": "Point", "coordinates": [ 72.88595045111893, 19.08440552040868 ] } },
{ "type": "Feature", "properties": { "name": "Babasaheb Worlikar Fire Station", "type": "fire_station", "candidate_id": "CAND_0517", "ward_code": "G/S" }, "geometry": { "type": "Point", "coordinates": [ 72.823542678197029, 19.013217872998798 ] } },
{ "type": "Feature", "properties": { "name": "Dindoshi Fire Station", "type": "fire_station", "candidate_id": "CAND_0519", "ward_code": "P/N" }, "geometry": { "type": "Point", "coordinates": [ 72.860997336234817, 19.175059200818392 ] } },
{ "type": "Feature", "properties": { "name": "Bandra Fire Brigade", "type": "fire_station", "candidate_id": "CAND_0520", "ward_code": "H/W" }, "geometry": { "type": "Point", "coordinates": [ 72.837553127426588, 19.050441651114816 ] } },
{ "type": "Feature", "properties": { "name": "Goregaon Fire Station", "type": "fire_station", "candidate_id": "CAND_0521", "ward_code": "P/S" }, "geometry": { "type": "Point", "coordinates": [ 72.840326122789534, 19.153492934042841 ] } },
{ "type": "Feature", "properties": { "name": "Mulund Fire Brigade", "type": "fire_station", "candidate_id": "CAND_0522", "ward_code": "T" }, "geometry": { "type": "Point", "coordinates": [ 72.942636750136231, 19.175083318251041 ] } },
{ "type": "Feature", "properties": { "name": null, "type": "fire_station", "candidate_id": "CAND_0523", "ward_code": "P/N" }, "geometry": { "type": "Point", "coordinates": [ 72.822467289581027, 19.196251325115146 ] } },
{ "type": "Feature", "properties": { "name": "Mini Fire Station", "type": "fire_station", "candidate_id": "CAND_0524", "ward_code": "K/W" }, "geometry": { "type": "Point", "coordinates": [ 72.831269564659777, 19.085364634775125 ] } },
{ "type": "Feature", "properties": { "name": "Vikhroli Fire Brigade", "type": "fire_station", "candidate_id": "CAND_0525", "ward_code": "N" }, "geometry": { "type": "Point", "coordinates": [ 72.918239054933522, 19.101101397612993 ] } },
{ "type": "Feature", "properties": { "name": "Aerodrome Rescue and Fire Fighting", "type": "fire_station", "candidate_id": "CAND_0526", "ward_code": "K/E" }, "geometry": { "type": "Point", "coordinates": [ 72.873584047674669, 19.091361441655092 ] } },
{ "type": "Feature", "properties": { "name": "Andheri Fire Station", "type": "fire_station", "candidate_id": "CAND_0527", "ward_code": "K/W" }, "geometry": { "type": "Point", "coordinates": [ 72.840862711381931, 19.112161774870188 ] } },
{ "type": "Feature", "properties": { "name": "Colaba Fire Station", "type": "fire_station", "candidate_id": "CAND_0529", "ward_code": "A" }, "geometry": { "type": "Point", "coordinates": [ 72.8260531, 18.9154546 ] } },
{ "type": "Feature", "properties": { "name": "Byculla", "type": "fire_station", "candidate_id": "CAND_0530", "ward_code": "E" }, "geometry": { "type": "Point", "coordinates": [ 72.8319615, 18.9724562 ] } },
{ "type": "Feature", "properties": { "name": "Umerkhadi Fire Station", "type": "fire_station", "candidate_id": "CAND_0531", "ward_code": "B" }, "geometry": { "type": "Point", "coordinates": [ 72.8326392, 18.9579623 ] } },
{ "type": "Feature", "properties": { "name": "Fort Fire Brigade", "type": "fire_station", "candidate_id": "CAND_0532", "ward_code": "A" }, "geometry": { "type": "Point", "coordinates": [ 72.8346417, 18.9350735 ] } },
{ "type": "Feature", "properties": { "name": "Testing Fire Station", "type": "fire_station", "candidate_id": "CAND_0533", "ward_code": "G/N" }, "geometry": { "type": "Point", "coordinates": [ 72.8538869, 19.0396241 ] } },
{ "type": "Feature", "properties": { "name": "Chembur Fire Station", "type": "fire_station", "candidate_id": "CAND_0534", "ward_code": "M/W" }, "geometry": { "type": "Point", "coordinates": [ 72.8935199, 19.0545248 ] } },
{ "type": "Feature", "properties": { "name": null, "type": "fire_station", "candidate_id": "CAND_0535", "ward_code": "G/N" }, "geometry": { "type": "Point", "coordinates": [ 72.8412091, 19.0331179 ] } },
{ "type": "Feature", "properties": { "name": null, "type": "petrol_pump", "candidate_id": "CAND_0536", "ward_code": "D" }, "geometry": { "type": "Point", "coordinates": [ 72.8106697, 18.9585436 ] } },
{ "type": "Feature", "properties": { "name": null, "type": "petrol_pump", "candidate_id": "CAND_0537", "ward_code": "E" }, "geometry": { "type": "Point", "coordinates": [ 72.83085485, 18.9852542 ] } },
{ "type": "Feature", "properties": { "name": "HP", "type": "petrol_pump", "candidate_id": "CAND_0538", "ward_code": "D" }, "geometry": { "type": "Point", "coordinates": [ 72.813945650790913, 18.974027239156712 ] } },
{ "type": "Feature", "properties": { "name": "HP", "type": "petrol_pump", "candidate_id": "CAND_0539", "ward_code": "B" }, "geometry": { "type": "Point", "coordinates": [ 72.837717932472515, 18.958513662182593 ] } },
{ "type": "Feature", "properties": { "name": "HP Petrol Station", "type": "petrol_pump", "candidate_id": "CAND_0540", "ward_code": "B" }, "geometry": { "type": "Point", "coordinates": [ 72.832140560460346, 18.960852974261183 ] } },
{ "type": "Feature", "properties": { "name": "Lotus Petrol Pump", "type": "petrol_pump", "candidate_id": "CAND_0541", "ward_code": "K/W" }, "geometry": { "type": "Point", "coordinates": [ 72.831770488661007, 19.142679523983112 ] } },
{ "type": "Feature", "properties": { "name": null, "type": "petrol_pump", "candidate_id": "CAND_0542", "ward_code": "K/W" }, "geometry": { "type": "Point", "coordinates": [ 72.831190823976854, 19.142745303836143 ] } },
{ "type": "Feature", "properties": { "name": "Bharat Petroleum", "type": "petrol_pump", "candidate_id": "CAND_0544", "ward_code": "H/W" }, "geometry": { "type": "Point", "coordinates": [ 72.835757758745316, 19.061535889769413 ] } },
{ "type": "Feature", "properties": { "name": "HP", "type": "petrol_pump", "candidate_id": "CAND_0545", "ward_code": "H/W" }, "geometry": { "type": "Point", "coordinates": [ 72.836636383458497, 19.059170980646375 ] } },
{ "type": "Feature", "properties": { "name": "Bharat Petroleum", "type": "petrol_pump", "candidate_id": "CAND_0547", "ward_code": "K/W" }, "geometry": { "type": "Point", "coordinates": [ 72.828797658865099, 19.116474735442047 ] } },
{ "type": "Feature", "properties": { "name": "HP", "type": "petrol_pump", "candidate_id": "CAND_0549", "ward_code": "A" }, "geometry": { "type": "Point", "coordinates": [ 72.828950974754434, 18.919164667145957 ] } },
{ "type": "Feature", "properties": { "name": "HP", "type": "petrol_pump", "candidate_id": "CAND_0550", "ward_code": "G/N" }, "geometry": { "type": "Point", "coordinates": [ 72.830903184216538, 19.017801972464024 ] } },
{ "type": "Feature", "properties": { "name": "HP", "type": "petrol_pump", "candidate_id": "CAND_0551", "ward_code": "K/W" }, "geometry": { "type": "Point", "coordinates": [ 72.840074563398673, 19.107890170330514 ] } },
{ "type": "Feature", "properties": { "name": "HP PETROL PUMP - JANSEVA PETROL SR. STN.", "type": "petrol_pump", "candidate_id": "CAND_0552", "ward_code": "L" }, "geometry": { "type": "Point", "coordinates": [ 72.88523712948701, 19.084833958230568 ] } },
{ "type": "Feature", "properties": { "name": "Indian Oil", "type": "petrol_pump", "candidate_id": "CAND_0553", "ward_code": "N" }, "geometry": { "type": "Point", "coordinates": [ 72.919606952363097, 19.102373917443376 ] } },
{ "type": "Feature", "properties": { "name": "Hindustan Petroleum Baxis Singh and Co.", "type": "petrol_pump", "candidate_id": "CAND_0554", "ward_code": "L" }, "geometry": { "type": "Point", "coordinates": [ 72.879377488174157, 19.077981896172734 ] } },
{ "type": "Feature", "properties": { "name": "Indian Oil", "type": "petrol_pump", "candidate_id": "CAND_0555", "ward_code": "G/S" }, "geometry": { "type": "Point", "coordinates": [ 72.814385628166278, 18.992253615624207 ] } },
{ "type": "Feature", "properties": { "name": "HP", "type": "petrol_pump", "candidate_id": "CAND_0556", "ward_code": "M/E" }, "geometry": { "type": "Point", "coordinates": [ 72.916383120946577, 19.045698804674487 ] } },
{ "type": "Feature", "properties": { "name": "HP", "type": "petrol_pump", "candidate_id": "CAND_0557", "ward_code": "L" }, "geometry": { "type": "Point", "coordinates": [ 72.883967700000014, 19.09611595 ] } },
{ "type": "Feature", "properties": { "name": "HP", "type": "petrol_pump", "candidate_id": "CAND_0558", "ward_code": "F/N" }, "geometry": { "type": "Point", "coordinates": [ 72.864690834935459, 19.043787228490736 ] } },
{ "type": "Feature", "properties": { "name": null, "type": "petrol_pump", "candidate_id": "CAND_0559", "ward_code": "F/N" }, "geometry": { "type": "Point", "coordinates": [ 72.878665348399153, 19.047238196776576 ] } },
{ "type": "Feature", "properties": { "name": "HP", "type": "petrol_pump", "candidate_id": "CAND_0560", "ward_code": "P/S" }, "geometry": { "type": "Point", "coordinates": [ 72.857526564811494, 19.161477444766451 ] } },
{ "type": "Feature", "properties": { "name": "Hindustan Petroleum", "type": "petrol_pump", "candidate_id": "CAND_0561", "ward_code": "M/E" }, "geometry": { "type": "Point", "coordinates": [ 72.895930843410525, 19.034667425335691 ] } },
{ "type": "Feature", "properties": { "name": "Indian Oil", "type": "petrol_pump", "candidate_id": "CAND_0562", "ward_code": "M/W" }, "geometry": { "type": "Point", "coordinates": [ 72.8925433, 19.0536868 ] } },
{ "type": "Feature", "properties": { "name": "HP", "type": "petrol_pump", "candidate_id": "CAND_0563", "ward_code": "M/W" }, "geometry": { "type": "Point", "coordinates": [ 72.88926269476687, 19.053756916582223 ] } },
{ "type": "Feature", "properties": { "name": "Sanjiv Service Station(HP)", "type": "petrol_pump", "candidate_id": "CAND_0564", "ward_code": "M/E" }, "geometry": { "type": "Point", "coordinates": [ 72.916052282890249, 19.044842891188726 ] } },
{ "type": "Feature", "properties": { "name": "Indian Oil", "type": "petrol_pump", "candidate_id": "CAND_0565", "ward_code": "M/E" }, "geometry": { "type": "Point", "coordinates": [ 72.916372652526107, 19.044801068884759 ] } },
{ "type": "Feature", "properties": { "name": "Indian Oil", "type": "petrol_pump", "candidate_id": "CAND_0566", "ward_code": "C" }, "geometry": { "type": "Point", "coordinates": [ 72.8232605, 18.94402065 ] } },
{ "type": "Feature", "properties": { "name": "Indian Oil", "type": "petrol_pump", "candidate_id": "CAND_0567", "ward_code": "H/W" }, "geometry": { "type": "Point", "coordinates": [ 72.837942931932787, 19.051495614964509 ] } },
{ "type": "Feature", "properties": { "name": "Indian Oil Petrol Pump", "type": "petrol_pump", "candidate_id": "CAND_0568", "ward_code": "K/E" }, "geometry": { "type": "Point", "coordinates": [ 72.86497065, 19.13939235 ] } },
{ "type": "Feature", "properties": { "name": "Bharat Petroleum", "type": "petrol_pump", "candidate_id": "CAND_0569", "ward_code": "M/W" }, "geometry": { "type": "Point", "coordinates": [ 72.887439167026727, 19.053606116374461 ] } },
{ "type": "Feature", "properties": { "name": "Indian Oil", "type": "petrol_pump", "candidate_id": "CAND_0570", "ward_code": "H/E" }, "geometry": { "type": "Point", "coordinates": [ 72.8646443, 19.0601732 ] } },
{ "type": "Feature", "properties": { "name": "Bharat Petroleum", "type": "petrol_pump", "candidate_id": "CAND_0571", "ward_code": "K/E" }, "geometry": { "type": "Point", "coordinates": [ 72.850763048687924, 19.09720001873961 ] } },
{ "type": "Feature", "properties": { "name": null, "type": "petrol_pump", "candidate_id": "CAND_0572", "ward_code": "T" }, "geometry": { "type": "Point", "coordinates": [ 72.943591792569137, 19.177698009971433 ] } },
{ "type": "Feature", "properties": { "name": "Indian Oil", "type": "petrol_pump", "candidate_id": "CAND_0573", "ward_code": "P/S" }, "geometry": { "type": "Point", "coordinates": [ 72.858407012955752, 19.160031720197995 ] } },
{ "type": "Feature", "properties": { "name": "Bharat Petroleum", "type": "petrol_pump", "candidate_id": "CAND_0574", "ward_code": "F/N" }, "geometry": { "type": "Point", "coordinates": [ 72.854421422158495, 19.026402922028772 ] } },
{ "type": "Feature", "properties": { "name": "Bharat petroleum", "type": "petrol_pump", "candidate_id": "CAND_0575", "ward_code": "D" }, "geometry": { "type": "Point", "coordinates": [ 72.80953913735307, 18.972436858898053 ] } },
{ "type": "Feature", "properties": { "name": null, "type": "petrol_pump", "candidate_id": "CAND_0576", "ward_code": "K/E" }, "geometry": { "type": "Point", "coordinates": [ 72.873949149999987, 19.1027844 ] } },
{ "type": "Feature", "properties": { "name": "Nattional Bharat PetrolPump", "type": "petrol_pump", "candidate_id": "CAND_0577", "ward_code": "G/N" }, "geometry": { "type": "Point", "coordinates": [ 72.837197837320431, 19.021531977557537 ] } },
{ "type": "Feature", "properties": { "name": null, "type": "petrol_pump", "candidate_id": "CAND_0578", "ward_code": "M/E" }, "geometry": { "type": "Point", "coordinates": [ 72.916475911623095, 19.044543275261461 ] } },
{ "type": "Feature", "properties": { "name": "Satguru Automobiles", "type": "petrol_pump", "candidate_id": "CAND_0579", "ward_code": "F/N" }, "geometry": { "type": "Point", "coordinates": [ 72.851919003662616, 19.01618299299734 ] } },
{ "type": "Feature", "properties": { "name": "Zojwala Petroleum", "type": "petrol_pump", "candidate_id": "CAND_0580", "ward_code": "T" }, "geometry": { "type": "Point", "coordinates": [ 72.9485905303858, 19.183546665880694 ] } },
{ "type": "Feature", "properties": { "name": "Indian Oil", "type": "petrol_pump", "candidate_id": "CAND_0581", "ward_code": "T" }, "geometry": { "type": "Point", "coordinates": [ 72.941033721263295, 19.171681413691594 ] } },
{ "type": "Feature", "properties": { "name": "Shell", "type": "petrol_pump", "candidate_id": "CAND_0582", "ward_code": "L" }, "geometry": { "type": "Point", "coordinates": [ 72.8881828, 19.106101566666666 ] } },
{ "type": "Feature", "properties": { "name": "Bharat Petroleum", "type": "petrol_pump", "candidate_id": "CAND_0585", "ward_code": "G/N" }, "geometry": { "type": "Point", "coordinates": [ 72.842629024800075, 19.035213713282921 ] } },
{ "type": "Feature", "properties": { "name": "Bharat Petroleum", "type": "petrol_pump", "candidate_id": "CAND_0588", "ward_code": "A" }, "geometry": { "type": "Point", "coordinates": [ 72.8241794, 18.93323505 ] } },
{ "type": "Feature", "properties": { "name": "Bharat Petroleum", "type": "petrol_pump", "candidate_id": "CAND_0589", "ward_code": "D" }, "geometry": { "type": "Point", "coordinates": [ 72.81940315, 18.96690465 ] } },
{ "type": "Feature", "properties": { "name": "HP", "type": "petrol_pump", "candidate_id": "CAND_0593", "ward_code": "N" }, "geometry": { "type": "Point", "coordinates": [ 72.894980992904678, 19.086193770306771 ] } },
{ "type": "Feature", "properties": { "name": "Mahanagar gas", "type": "petrol_pump", "candidate_id": "CAND_0596", "ward_code": "P/N" }, "geometry": { "type": "Point", "coordinates": [ 72.864370406036372, 19.175562902938669 ] } },
{ "type": "Feature", "properties": { "name": "M/s Uganda Service Station", "type": "petrol_pump", "candidate_id": "CAND_0597", "ward_code": "F/N" }, "geometry": { "type": "Point", "coordinates": [ 72.855365213714947, 19.01399812910406 ] } },
{ "type": "Feature", "properties": { "name": "Indian Oil", "type": "petrol_pump", "candidate_id": "CAND_0600", "ward_code": "K/W" }, "geometry": { "type": "Point", "coordinates": [ 72.82699395, 19.1040294 ] } },
{ "type": "Feature", "properties": { "name": "Ravi Auto Services", "type": "petrol_pump", "candidate_id": "CAND_0603", "ward_code": "G/S" }, "geometry": { "type": "Point", "coordinates": [ 72.820465177373777, 19.011198146766912 ] } },
{ "type": "Feature", "properties": { "name": "IndianOil", "type": "petrol_pump", "candidate_id": "CAND_0604", "ward_code": "D" }, "geometry": { "type": "Point", "coordinates": [ 72.803327958706063, 18.965584224220081 ] } },
{ "type": "Feature", "properties": { "name": "Bharat Petroleum Corporation ltd", "type": "petrol_pump", "candidate_id": "CAND_0605", "ward_code": "D" }, "geometry": { "type": "Point", "coordinates": [ 72.804051950684794, 18.965371449932167 ] } },
{ "type": "Feature", "properties": { "name": "Bharat Petroleum", "type": "petrol_pump", "candidate_id": "CAND_0608", "ward_code": "H/E" }, "geometry": { "type": "Point", "coordinates": [ 72.862365801533556, 19.059533349796677 ] } },
{ "type": "Feature", "properties": { "name": "Bharat Petroleum", "type": "petrol_pump", "candidate_id": "CAND_0615", "ward_code": "F/S" }, "geometry": { "type": "Point", "coordinates": [ 72.849300375904591, 18.998681012871316 ] } },
{ "type": "Feature", "properties": { "name": null, "type": "petrol_pump", "candidate_id": "CAND_0616", "ward_code": "F/S" }, "geometry": { "type": "Point", "coordinates": [ 72.8427, 18.9859 ] } },
{ "type": "Feature", "properties": { "name": "Worliway Service Station", "type": "petrol_pump", "candidate_id": "CAND_0617", "ward_code": "G/S" }, "geometry": { "type": "Point", "coordinates": [ 72.817372, 18.997908 ] } },
{ "type": "Feature", "properties": { "name": "Bharat Petroleum", "type": "petrol_pump", "candidate_id": "CAND_0621", "ward_code": "P/S" }, "geometry": { "type": "Point", "coordinates": [ 72.8458433, 19.1661306 ] } },
{ "type": "Feature", "properties": { "name": "Guru Nanak Petrol Pump", "type": "petrol_pump", "candidate_id": "CAND_0624", "ward_code": "K/E" }, "geometry": { "type": "Point", "coordinates": [ 72.8563549, 19.1161423 ] } },
{ "type": "Feature", "properties": { "name": "HP", "type": "petrol_pump", "candidate_id": "CAND_0625", "ward_code": "K/E" }, "geometry": { "type": "Point", "coordinates": [ 72.8596325, 19.1147257 ] } },
{ "type": "Feature", "properties": { "name": null, "type": "petrol_pump", "candidate_id": "CAND_0626", "ward_code": "R/C" }, "geometry": { "type": "Point", "coordinates": [ 72.8569688, 19.2336144 ] } },
{ "type": "Feature", "properties": { "name": "HP", "type": "petrol_pump", "candidate_id": "CAND_0627", "ward_code": "R/S" }, "geometry": { "type": "Point", "coordinates": [ 72.846998, 19.1955609 ] } },
{ "type": "Feature", "properties": { "name": null, "type": "petrol_pump", "candidate_id": "CAND_0629", "ward_code": "R/S" }, "geometry": { "type": "Point", "coordinates": [ 72.8281492, 19.205334 ] } },
{ "type": "Feature", "properties": { "name": "Godrej Pump", "type": "petrol_pump", "candidate_id": "CAND_0634", "ward_code": "N" }, "geometry": { "type": "Point", "coordinates": [ 72.9224003, 19.1051591 ] } },
{ "type": "Feature", "properties": { "name": "National Highway Trucking Centre", "type": "petrol_pump", "candidate_id": "CAND_0635", "ward_code": "M/W" }, "geometry": { "type": "Point", "coordinates": [ 72.9003277, 19.0677432 ] } },
{ "type": "Feature", "properties": { "name": "Mahanagar Gas", "type": "petrol_pump", "candidate_id": "CAND_0637", "ward_code": "T" }, "geometry": { "type": "Point", "coordinates": [ 72.9397304, 19.1698221 ] } },
{ "type": "Feature", "properties": { "name": "Petrol Pump", "type": "petrol_pump", "candidate_id": "CAND_0638", "ward_code": "L" }, "geometry": { "type": "Point", "coordinates": [ 72.8773575, 19.0763832 ] } },
{ "type": "Feature", "properties": { "name": null, "type": "petrol_pump", "candidate_id": "CAND_0639", "ward_code": "L" }, "geometry": { "type": "Point", "coordinates": [ 72.8793721, 19.0780431 ] } },
{ "type": "Feature", "properties": { "name": "CNG", "type": "petrol_pump", "candidate_id": "CAND_0640", "ward_code": "L" }, "geometry": { "type": "Point", "coordinates": [ 72.8772337, 19.0765873 ] } },
{ "type": "Feature", "properties": { "name": "Hindustan Petroleum", "type": "petrol_pump", "candidate_id": "CAND_0648", "ward_code": "G/N" }, "geometry": { "type": "Point", "coordinates": [ 72.8387268, 19.0323529 ] } },
{ "type": "Feature", "properties": { "name": "Indian Oil", "type": "petrol_pump", "candidate_id": "CAND_0650", "ward_code": "S" }, "geometry": { "type": "Point", "coordinates": [ 72.9150736, 19.1242542 ] } },
{ "type": "Feature", "properties": { "name": "HP", "type": "petrol_pump", "candidate_id": "CAND_0653", "ward_code": "R/N" }, "geometry": { "type": "Point", "coordinates": [ 72.8671784, 19.254598 ] } },
{ "type": "Feature", "properties": { "name": "HP", "type": "petrol_pump", "candidate_id": "CAND_0655", "ward_code": "S" }, "geometry": { "type": "Point", "coordinates": [ 72.9308196, 19.1396595 ] } },
{ "type": "Feature", "properties": { "name": "Indian Oil", "type": "petrol_pump", "candidate_id": "CAND_0656", "ward_code": "B" }, "geometry": { "type": "Point", "coordinates": [ 72.8325809, 18.9558692 ] } },
{ "type": "Feature", "properties": { "name": "HP", "type": "petrol_pump", "candidate_id": "CAND_0658", "ward_code": "F/S" }, "geometry": { "type": "Point", "coordinates": [ 72.8372765, 18.9979515 ] } },
{ "type": "Feature", "properties": { "name": "Bharat Petroleum Fuel Station", "type": "petrol_pump", "candidate_id": "CAND_0659", "ward_code": "N" }, "geometry": { "type": "Point", "coordinates": [ 72.9148826, 19.095791 ] } },
{ "type": "Feature", "properties": { "name": null, "type": "petrol_pump", "candidate_id": "CAND_0660", "ward_code": "N" }, "geometry": { "type": "Point", "coordinates": [ 72.9021502, 19.0872615 ] } },
{ "type": "Feature", "properties": { "name": "HP Petrol & Diesel Pump", "type": "petrol_pump", "candidate_id": "CAND_0661", "ward_code": "H/E" }, "geometry": { "type": "Point", "coordinates": [ 72.8607694, 19.0646847 ] } },
{ "type": "Feature", "properties": { "name": "Bharat Petroleum", "type": "petrol_pump", "candidate_id": "CAND_0662", "ward_code": "S" }, "geometry": { "type": "Point", "coordinates": [ 72.9378805, 19.1555202 ] } },
{ "type": "Feature", "properties": { "name": "SK CNG Gas Station", "type": "petrol_pump", "candidate_id": "CAND_0663", "ward_code": "K/W" }, "geometry": { "type": "Point", "coordinates": [ 72.839974, 19.1490275 ] } },
{ "type": "Feature", "properties": { "name": "Chheda BP Petrol Pump", "type": "petrol_pump", "candidate_id": "CAND_0664", "ward_code": "T" }, "geometry": { "type": "Point", "coordinates": [ 72.943652, 19.1777015 ] } },
{ "type": "Feature", "properties": { "name": "Indian Oil", "type": "petrol_pump", "candidate_id": "CAND_0665", "ward_code": "P/N" }, "geometry": { "type": "Point", "coordinates": [ 72.7840434, 19.1589301 ] } },
{ "type": "Feature", "properties": { "name": "Bharat Petroleum", "type": "petrol_pump", "candidate_id": "CAND_0666", "ward_code": "N" }, "geometry": { "type": "Point", "coordinates": [ 72.9167758, 19.0799428 ] } },
{ "type": "Feature", "properties": { "name": "Indian Oil", "type": "petrol_pump", "candidate_id": "CAND_0667", "ward_code": "L" }, "geometry": { "type": "Point", "coordinates": [ 72.8863622, 19.1049951 ] } },
{ "type": "Feature", "properties": { "name": "HP", "type": "petrol_pump", "candidate_id": "CAND_0674", "ward_code": "E" }, "geometry": { "type": "Point", "coordinates": [ 72.8239971, 18.9777892 ] } },
{ "type": "Feature", "properties": { "name": "Indian Oil Petrol Pump", "type": "petrol_pump", "candidate_id": "CAND_0675", "ward_code": "P/S" }, "geometry": { "type": "Point", "coordinates": [ 72.8662359, 19.1754346 ] } },
{ "type": "Feature", "properties": { "name": "Bharat Petroleum", "type": "petrol_pump", "candidate_id": "CAND_0679", "ward_code": "B" }, "geometry": { "type": "Point", "coordinates": [ 72.8417477, 18.9529035 ] } },
{ "type": "Feature", "properties": { "name": null, "type": "petrol_pump", "candidate_id": "CAND_0682", "ward_code": "S" }, "geometry": { "type": "Point", "coordinates": [ 72.9250203, 19.1249191 ] } },
{ "type": "Feature", "properties": { "name": "Shell", "type": "petrol_pump", "candidate_id": "CAND_0683", "ward_code": "S" }, "geometry": { "type": "Point", "coordinates": [ 72.9211956, 19.1265213 ] } },
{ "type": "Feature", "properties": { "name": "Hindustan Petroleum Corporation Limited", "type": "petrol_pump", "candidate_id": "CAND_0686", "ward_code": "G/S" }, "geometry": { "type": "Point", "coordinates": [ 72.8154022, 19.001647 ] } },
{ "type": "Feature", "properties": { "name": "Bharat petroleum", "type": "petrol_pump", "candidate_id": "CAND_0687", "ward_code": "E" }, "geometry": { "type": "Point", "coordinates": [ 72.8452828, 18.9695448 ] } },
{ "type": "Feature", "properties": { "name": "Hindustan Petroleum", "type": "petrol_pump", "candidate_id": "CAND_0689", "ward_code": "H/W" }, "geometry": { "type": "Point", "coordinates": [ 72.8381836, 19.0534876 ] } },
{ "type": "Feature", "properties": { "name": "Nath Hospital", "type": "hospital", "candidate_id": "CAND_0011", "ward_code": "T" }, "geometry": { "type": "Point", "coordinates": [ 72.9747855, 19.2041173 ] } },
{ "type": "Feature", "properties": { "name": "Raj Hospital", "type": "hospital", "candidate_id": "CAND_0013", "ward_code": "M/E" }, "geometry": { "type": "Point", "coordinates": [ 73.0228173, 19.0355766 ] } },
{ "type": "Feature", "properties": { "name": "Zaveri Eye Clinic", "type": "hospital", "candidate_id": "CAND_0027", "ward_code": "M/E" }, "geometry": { "type": "Point", "coordinates": [ 73.0006774, 19.0723058 ] } },
{ "type": "Feature", "properties": { "name": "Naik Nursing Home and Endoscopy Centre", "type": "hospital", "candidate_id": "CAND_0096", "ward_code": "S" }, "geometry": { "type": "Point", "coordinates": [ 73.0111333, 19.0962638 ] } },
{ "type": "Feature", "properties": { "name": "Gandhi Hospital - Navi Mumbai", "type": "hospital", "candidate_id": "CAND_0106", "ward_code": "T" }, "geometry": { "type": "Point", "coordinates": [ 72.9969872, 19.153192 ] } },
{ "type": "Feature", "properties": { "name": "Dr A Tungekars Hospital (Uran)", "type": "hospital", "candidate_id": "CAND_0323", "ward_code": "A" }, "geometry": { "type": "Point", "coordinates": [ 72.9398358, 18.8797841 ] } },
{ "type": "Feature", "properties": { "name": "Mandakini Ctscan Centre", "type": "hospital", "candidate_id": "CAND_0360", "ward_code": "M/E" }, "geometry": { "type": "Point", "coordinates": [ 73.0004906, 19.0813907 ] } },
{ "type": "Feature", "properties": { "name": "Dr Mahajan Hospital and Industrial Trauma Center", "type": "hospital", "candidate_id": "CAND_0362", "ward_code": "T" }, "geometry": { "type": "Point", "coordinates": [ 73.0120312, 19.1425582 ] } },
{ "type": "Feature", "properties": { "name": "Netra Jyot Eye Care Centre", "type": "hospital", "candidate_id": "CAND_0390", "ward_code": "T" }, "geometry": { "type": "Point", "coordinates": [ 72.9691583, 19.2040597 ] } },
{ "type": "Feature", "properties": { "name": "Suruchi Eye Centre", "type": "hospital", "candidate_id": "CAND_0499", "ward_code": "T" }, "geometry": { "type": "Point", "coordinates": [ 72.9985574, 19.1512887 ] } },
{ "type": "Feature", "properties": { "name": "Life Care Hospital", "type": "hospital", "candidate_id": "CAND_0503", "ward_code": "R/N" }, "geometry": { "type": "Point", "coordinates": [ 72.862607, 19.2961387 ] } },
{ "type": "Feature", "properties": { "name": "Sai Seva Hospital And Icu", "type": "hospital", "candidate_id": "CAND_0507", "ward_code": "T" }, "geometry": { "type": "Point", "coordinates": [ 72.9934762, 19.157935 ] } }
]
}
