candidate_id,A,B,C,D,E,F/N,F/S,G/N,G/S,H/E,H/W,K/E,K/W,L,M/E,M/W,N,P/N,P/S,R/C,R/N,R/S,S,T
CAND_0000,36.15466666666667,31.08,32.094,29.703699486782334,29.131500000000003,27.0085,26.055,21.249557038183315,26.4155,17.252166666666668,19.917,13.895,17.80183333333333,20.02883333333333,24.499,25.062166666666663,22.955666666666666,11.523333333333332,10.367666666666668,8.081666666666667,7.37,4.815666666666667,23.486666666666668,29.88133333333333
CAND_0001,5.969833333333333,6.206666666666666,3.8381666666666665,4.035333333333333,8.420166666666667,16.951666666666668,10.440833333333334,14.183166666666668,9.281,20.600166666666667,18.692166666666665,26.082666666666668,28.532333333333334,20.84333333333333,18.489166666666662,17.329833333333333,21.14583333333333,32.99616666666667,26.253666666666668,38.04600000000001,37.017500000000005,30.756833333333336,27.445833333333333,33.56766666666667
CAND_0002,18.828166666666668,13.457333333333334,14.471333333333332,14.365166666666664,11.508833333333332,9.697833333333334,8.432333333333334,2.9021666666666666,8.453333333333333,7.3595,5.364,12.7545,15.204166666666667,10.2825,11.971666666666666,12.535,13.209333333333332,19.668,12.9255,24.71783333333333,23.6895,17.695607143095753,18.72833333333333,25.123
CAND_0003,23.040666666666667,16.919,19.581833333333336,19.475666666666665,16.619333333333334,13.535166666666669,13.542833333333334,12.993,15.860666666666669,9.392666666666663,14.371666666666666,11.539333333333332,19.028,6.4815,7.453166666666666,8.494666666666667,4.873333333333333,23.024166666666662,16.28183333333333,28.074,27.045666666666666,20.785,9.113333333333332,15.508
CAND_0004,15.8335,10.462666666666667,11.476833333333332,11.3705,8.514166666666666,7.287166666666667,4.322,6.928666666666667,7.7555,12.038,11.437666666666669,17.678,20.487666666666662,12.281,10.304666666666666,9.145333333333332,12.5835,24.5915,17.849,29.64133333333333,28.61283333333333,22.35216666666667,18.883666666666667,25.005333333333333
CAND_0005,23.054166666666667,16.932666666666666,18.7555,17.825666666666667,15.792833333333334,13.040166666666666,12.716333333333331,9.08,14.77,4.3165,9.2955,9.571833333333332,13.951666666666666,3.4253333333333336,7.3455,7.908833333333333,5.802333333333333,18.100166666666667,11.357666666666669,23.15,22.1215,15.860833333333334,11.871,18.224
CAND_0006,32.36783333333333,27.293,28.307166666666667,25.4835,25.3445,23.221666666666668,22.268,16.737833333333334,22.628666666666668,13.465333333333332,16.13,10.108166666666667,10.8375,16.242,20.712,21.27533333333333,19.16883333333333,3.929,6.5808333333333335,10.8285,12.298333333333334,6.0375,19.69983333333333,26.0945
CAND_0007,32.675666666666665,27.601,28.615,25.7915,25.6525,23.529666666666667,22.576,17.045833333333334,22.9365,13.773166666666668,16.29883333333333,10.416,8.613666666666667,16.55,21.02,21.58333333333333,19.476666666666667,4.587666666666666,6.8155,11.487166666666669,13.839166666666667,7.578333333333333,19.9345,26.329166666666666
CAND_0008,21.5145,16.143666666666668,17.157666666666668,15.316833333333332,14.195166666666667,13.148666666666664,11.118666666666666,5.588333333333334,11.479166666666666,7.120166666666666,1.5033333333333334,12.2365,11.996833333333331,10.043166666666668,14.513166666666669,15.0765,12.97,19.15,12.4075,24.19983333333333,23.171333333333333,16.910666666666668,18.489,24.883666666666667
CAND_0009,39.352833333333336,34.27816666666667,35.29216666666667,32.468666666666664,32.32966666666667,30.206833333333336,29.25316666666667,23.723000000000003,29.61383333333333,20.4505,23.115166666666667,17.09333333333333,16.027,23.22716666666667,27.697166666666664,28.2605,26.15383333333333,6.304333333333333,13.566,9.683333333333334,15.133166666666666,9.140333333333333,26.685,33.07966666666667
CAND_0010,37.5005,33.21076066711475,33.93231035260713,32.97605464233016,31.296526681503572,28.3545,28.478536879593985,24.560756435289743,28.826687939506538,20.443120680885993,21.3476942259098,15.580618838523181,19.14783333333333,21.37483333333333,25.844833333333334,26.408166666666663,24.3015,12.869166666666668,11.713666666666668,6.737833333333333,2.435166666666667,6.1615,24.8325,30.848000000000003
CAND_0011,34.98461079498123,30.970263895854274,32.116621330976685,31.97598916104767,29.428091126183038,25.53966666666667,26.40378747339767,24.997666666666664,27.971959953565037,20.737666666666662,25.7165,22.980666666666664,29.631666666666668,19.554666666666662,19.30433333333333,20.6585,14.012532805944785,30.791833333333333,24.049333333333333,28.788166666666665,24.485666666666667,26.755333333333333,14.038666666666668,9.9325
CAND_0012,4.566,4.1605,3.722,6.776166666666667,8.397166666666667,16.92866666666667,10.417833333333334,14.16,10.849833333333333,20.577166666666667,18.669,26.059666666666665,28.509166666666665,20.82016666666667,17.092666666666666,15.933333333333334,20.1175,32.97316666666667,26.2305,38.023,36.9945,30.733833333333333,26.417666666666666,32.53933333333333
CAND_0013,30.20733333333333,24.08566666666667,27.285166666666665,29.338166666666663,26.491333333333333,22.783666666666665,23.415000000000003,22.865166666666667,25.732666666666667,19.9365,24.9155,25.7095,29.57183333333333,19.563,12.5055,16.752,16.3445,33.720166666666664,26.977666666666668,38.77,37.74166666666667,31.480833333333333,22.6445,27.017333333333333
CAND_0014,26.018166666666666,20.9435,21.9575,19.134,18.995,16.872,15.9185,10.388166666666669,16.279,7.115666666666667,9.610166666666666,6.941833333333333,11.550999999999998,9.8925,14.3625,14.925833333333332,12.819166666666666,13.863,7.120500000000001,18.91283333333333,17.8845,12.026051330230976,18.338166666666663,24.73283333333333
CAND_0015,38.768166666666666,33.6935,34.7075,32.925799836039275,31.745,29.622,28.6685,24.61126004991788,29.029,20.53555849990283,22.5305,16.5085,20.4155,22.6425,27.1125,27.675833333333333,25.569166666666668,12.456666666666669,12.981333333333334,5.931166666666667,2.3095,7.429166666666666,26.100166666666667,32.4255
CAND_0016,27.006166666666665,20.8845,23.52,22.590333333333334,20.5575,17.5005,17.480999999999998,13.844666666666663,19.5345,9.081166666666666,14.06,11.2325,18.71633333333333,4.5465,11.418666666666669,12.440666666666669,7.740833333333333,22.71733333333333,15.974833333333333,27.767166666666665,26.738666666666667,20.478,9.700666666666669,16.095333333333333
CAND_0017,15.714666666666666,13.704,13.575,7.925166666666667,14.905666666666669,22.37833333333333,16.0285,16.945666666666668,10.414,19.17866666666667,17.932000000000002,24.573833333333333,27.383333333333333,22.10183333333333,24.73333333333333,24.827166666666667,25.0285,31.487166666666667,24.744833333333336,36.53716666666666,35.50866666666666,29.271284232008835,30.5475,36.94216666666667
CAND_0018,26.60666666666667,21.532,22.546,19.7225,19.5835,17.460500000000003,16.506999999999998,10.976666666666668,16.8675,7.704166666666667,9.435333333333334,5.216166666666667,8.719333333333333,10.481,14.951,15.514166666666666,13.407666666666668,12.7115,5.968999999999999,17.761333333333333,16.732833333333335,11.054767648768076,17.149166666666666,23.54383333333333
CAND_0019,7.283166666666667,2.5883333333333334,2.926333333333333,5.501,6.043833333333334,14.575333333333331,8.0645,11.806833333333334,8.496500000000001,18.22383333333333,16.315833333333334,23.706333333333337,26.156,18.467,15.5205,14.361166666666666,18.5455,30.619833333333336,23.877333333333336,35.669666666666664,34.64116666666666,28.3805,24.8455,30.967166666666667
CAND_0020,7.643333333333333,5.189666666666667,4.9375,2.881666666666667,7.184,15.7155,9.204666666666666,12.947,7.635833333333333,19.267333333333333,17.456,24.662333333333333,27.296166666666668,19.607166666666668,17.471999999999998,16.312833333333334,19.909666666666663,31.57583333333333,24.83333333333333,36.62566666666667,35.597166666666666,29.3365,26.209666666666667,32.3315
CAND_0021,39.74083333333333,34.66616666666666,35.680166666666665,32.85666666666667,32.717666666666666,30.59466666666667,29.641166666666667,24.110833333333336,30.001666666666665,20.83833333333333,23.50316666666667,17.481166666666663,20.43566666666667,23.615166666666667,28.085166666666662,28.6485,26.541833333333333,10.713,13.953833333333334,4.1875,5.559,8.401833333333334,27.07283333333333,33.4675
CAND_0022,7.03,6.054833333333334,4.8983333333333325,3.255333333333333,8.049166666666666,16.580833333333334,10.069833333333332,13.812166666666666,8.501,20.1325,18.321166666666667,25.52766666666667,28.16133333333333,20.47233333333333,18.337333333333333,17.178,20.774833333333333,32.441,25.698500000000003,37.49083333333333,36.4625,30.201666666666664,27.075,33.196666666666665
CAND_0023,7.41,4.329,3.322166666666667,3.673666666666666,6.405,14.9365,8.425666666666666,12.168,8.254333333333333,18.585,16.676833333333335,24.0675,26.517166666666665,18.828166666666668,16.6115,15.452166666666669,19.130666666666663,30.981,24.2385,36.03083333333333,35.00233333333333,28.741666666666667,25.430666666666664,31.5525
CAND_0024,2.74,6.481166666666667,6.541333333333333,9.247333333333334,11.423666666666666,19.78983333333333,13.266166666666669,17.684166666666666,14.373833333333332,24.101166666666664,22.193,29.583666666666662,32.03333333333333,24.34433333333333,19.41333333333333,18.254,22.438166666666667,36.497166666666665,29.754666666666665,41.547,40.5185,34.25783333333333,28.738333333333333,34.86
CAND_0025,4.1546666666666665,11.3285,10.413666666666668,12.308666666666666,15.859166666666663,24.390666666666668,17.879833333333334,21.622166666666665,17.799333333333333,27.30633333333333,26.059666666666665,32.70133333333333,35.511,28.282333333333334,24.26066666666667,23.101333333333333,27.285666666666668,39.61483333333333,32.87233333333333,44.66466666666667,43.63633333333333,37.3755,33.58566666666667,39.7075
CAND_0026,28.663833333333333,23.589166666666664,24.603166666666667,21.779666666666667,21.640666666666668,19.51783333333333,18.564166666666665,13.034,18.92483333333333,9.761333333333331,9.191166666666668,5.773166666666667,4.862833333333333,12.478833333333334,17.008166666666668,17.5715,15.465,11.617333333333333,5.8275,17.619833333333336,16.591333333333335,10.330666666666668,17.483999999999998,23.878666666666668
CAND_0027,25.985833333333336,21.237726952572295,23.063666666666663,25.116666666666667,22.26983333333333,18.562166666666663,19.1935,18.643666666666665,21.511166666666668,15.715,20.694000000000003,21.488,25.35033333333333,15.3415,8.820863006400689,12.5305,12.123,29.49866666666667,22.756166666666665,34.5485,33.52016666666667,27.25933333333333,18.423,23.59433333333333
CAND_0028,2.1875,7.828833333333334,6.913833333333333,9.62,12.3595,20.891,14.380166666666666,18.122333333333334,14.812166666666666,24.5395,22.63133333333333,30.022,32.471666666666664,24.7825,20.761000000000003,19.601666666666667,23.786,36.935500000000005,30.193,41.98533333333333,40.95683333333333,34.69616666666666,30.086,36.20766666666667
CAND_0029,19.9155,13.793833333333334,16.801333333333336,16.695,13.838666666666668,10.7545,10.762166666666667,10.2125,13.08,8.551833333333333,13.409,14.324666666666667,18.187,8.178166666666666,4.138166666666667,4.976166666666667,5.990833333333333,22.335500000000003,15.593,27.38533333333333,26.35683333333333,20.096166666666665,12.290833333333332,18.412666666666667
CAND_0030,7.579333333333333,6.629333333333333,5.662166666666667,2.1993333333333336,8.623666666666667,17.155166666666666,10.644333333333332,14.386666666666668,8.379833333333334,18.66483333333333,17.418333333333333,24.06,26.869666666666667,21.04683333333333,18.91183333333333,17.7525,21.34933333333333,30.9735,24.231,36.02333333333333,34.99483333333333,28.734166666666667,27.64933333333333,33.771166666666666
CAND_0031,7.771666666666666,5.5325,5.280333333333333,1.3791666666666669,7.526833333333333,16.058333333333334,9.5475,13.289833333333332,7.978666666666667,18.675166666666662,17.4285,24.07033333333333,26.87983333333333,19.95,17.815,16.65566666666667,20.2525,30.983833333333333,24.24116666666667,36.0335,35.00516666666667,28.7445,26.5525,32.67433333333334
CAND_0032,8.880166666666666,6.014833333333333,5.885833333333333,1.5526666666666666,7.216333333333334,15.748,9.237,12.979333333333331,7.230333333333333,17.5155,16.268833333333333,22.910500000000003,25.720166666666668,19.6395,18.103,17.137999999999998,19.942,29.824,23.0815,34.87383333333333,33.845333333333336,27.584666666666667,26.242166666666662,32.36383333333333
CAND_0033,8.110000000000001,6.475,6.192833333333334,1.5113333333333334,8.062999999999999,16.594666666666665,10.083666666666666,13.826,8.514833333333334,18.807333333333336,17.560833333333335,24.2025,27.012166666666666,20.48616666666667,18.7575,17.598166666666668,20.788666666666664,31.116,24.3735,36.16583333333333,35.13733333333333,28.876666666666665,27.088833333333334,33.2105
CAND_0034,7.766333333333334,6.816333333333334,5.849166666666666,2.3865,8.810833333333333,17.342333333333332,10.8315,14.573666666666666,8.566833333333333,18.852,17.60533333333333,24.247,27.05666666666667,21.233833333333333,19.09883333333333,17.9395,21.5365,31.160500000000003,24.418,36.21033333333333,35.182,28.921166666666668,27.8365,33.95816666666666
CAND_0035,8.355833333333333,6.720833333333333,6.438666666666666,2.105833333333333,8.657666666666668,17.189166666666665,10.678166666666668,14.4205,8.904,19.189166666666665,17.9425,24.584166666666665,27.393833333333337,21.080666666666666,19.00333333333333,17.844,21.383166666666668,31.497666666666664,24.755166666666664,36.5475,35.519,29.258333333333333,27.683333333333334,33.805
CAND_0036,7.548666666666667,6.098166666666667,5.6315,1.5718333333333334,8.0925,16.624000000000002,10.113166666666666,13.8555,8.020999999999999,18.306166666666662,17.0595,23.70133333333333,26.51083333333333,20.515666666666668,18.380666666666663,17.221333333333334,20.818166666666663,30.61466666666667,23.872166666666665,35.6645,34.63616666666667,28.3755,27.118166666666664,33.24
CAND_0037,9.776666666666667,6.911333333333333,6.782333333333333,2.4491666666666663,7.915833333333333,16.2895,9.9365,13.520833333333334,7.663166666666667,17.948333333333334,16.701666666666668,23.34333333333333,26.153,20.181,18.6445,18.0345,20.483666666666668,30.256833333333336,23.514333333333333,35.306666666666665,34.27833333333333,28.0175,26.783666666666665,32.90533333333333
CAND_0038,6.346333333333333,5.1745,4.214666666666667,3.3411666666666666,7.2505,15.782,9.271166666666666,13.013333333333332,8.259666666666666,19.4305,17.522333333333332,24.913,27.362666666666662,19.6735,17.457,16.297666666666668,19.976166666666664,31.8265,25.084,36.876333333333335,35.847833333333334,29.58716666666667,26.276166666666665,32.398
CAND_0039,7.454499999999999,5.819333333333334,5.537333333333334,2.0276666666666667,7.813833333333333,16.345333333333333,9.8345,13.576666666666666,8.2655,18.762166666666666,17.5155,24.157333333333334,26.966833333333334,20.236833333333333,18.10183333333333,16.9425,20.5395,31.070666666666668,24.328166666666668,36.1205,35.09216666666667,28.831333333333337,26.8395,32.961333333333336
CAND_0040,7.674666666666667,6.039666666666666,5.757666666666666,1.3223333333333334,7.874166666666666,16.40566666666667,9.894666666666666,13.637,8.222833333333334,18.508,17.261333333333333,23.903166666666667,26.712666666666667,20.297166666666666,18.322166666666664,17.16283333333333,20.599666666666668,30.8165,24.074,35.866499999999995,34.838,28.57733333333333,26.899833333333333,33.0215
CAND_0041,11.186666666666667,6.200166666666666,6.829833333333334,5.3101666666666665,4.9895000000000005,13.521,7.010166666666667,10.7525,5.569833333333333,17.169500000000003,15.261500000000002,22.652,25.101666666666667,17.412666666666667,15.876166666666668,16.439333333333334,17.71516666666667,29.5655,22.823,34.61533333333333,33.58683333333333,27.326166666666666,24.01516666666667,30.137
CAND_0042,8.817499999999999,5.378833333333334,5.519333333333334,2.807,5.895833333333333,14.269333333333332,7.9165,11.500666666666666,5.890666666666666,17.3865,16.009666666666668,22.78166666666667,25.591166666666663,18.160833333333336,16.624333333333333,16.502,18.4635,29.695,22.9525,34.74483333333333,33.7165,27.455666666666666,24.7635,30.885166666666667
CAND_0043,19.6165,13.495,15.968833333333333,15.8625,13.006166666666669,9.922,9.929666666666666,9.38,12.2475,8.841666666666667,12.5765,14.614666666666666,18.47683333333333,8.468,4.1682982448663894,4.4025,6.5696666666666665,22.625333333333334,15.882833333333334,27.675166666666662,26.646666666666665,20.386000000000003,12.869833333333334,18.9915
CAND_0044,7.809166666666667,2.8018333333333336,4.083166666666667,6.658,7.200666666666667,15.732166666666666,9.221333333333332,12.963666666666668,9.653333333333334,19.380666666666663,17.472666666666665,24.863166666666665,27.312833333333334,19.623833333333334,15.734,14.574666666666667,18.75883333333333,31.776666666666664,25.034166666666668,36.8265,35.79816666666667,29.537333333333333,25.059,31.180666666666664
CAND_0045,31.309833333333334,26.235166666666665,27.249166666666667,24.425666666666665,24.28666666666667,22.163833333333333,21.210166666666662,15.68,21.570833333333333,12.4075,12.877833333333331,7.991666666666666,3.789,15.184166666666666,19.654166666666665,20.2175,18.111,8.905833333333334,6.078166666666666,15.805333333333332,16.842,10.581333333333331,17.858666666666668,24.25333333333333
CAND_0046,10.3305,4.959666666666666,5.973833333333333,6.061166666666667,2.756833333333333,12.847166666666668,6.336333333333333,10.078666666666669,6.9928333333333335,16.49566666666667,14.587666666666667,21.978166666666667,24.427833333333336,16.738833333333336,15.202333333333334,14.5915,17.041333333333334,28.891666666666666,22.149166666666662,33.9415,32.91316666666667,26.65233333333333,23.34133333333333,29.463166666666663
CAND_0047,13.018333333333334,7.6475,8.661666666666667,7.363833333333333,6.014333333333334,10.9895,4.639666666666667,7.636,2.905,14.638,12.73,20.1205,22.57016666666667,14.881166666666669,13.3445,13.907833333333334,15.183666666666666,27.034,20.2915,32.08383333333333,31.055333333333333,24.794666666666668,21.483666666666668,27.6055
CAND_0048,12.102,6.731166666666667,7.745166666666666,7.638999999999999,4.782666666666667,9.397666666666668,2.6123333333333334,6.629,4.024,13.046166666666666,11.138,18.528666666666663,20.978166666666667,13.289166666666668,11.752666666666666,12.316,13.591833333333334,25.442166666666665,18.6995,30.492,29.4635,23.20283333333333,19.89183333333333,26.0135
CAND_0049,12.462333333333332,7.0915,8.1055,7.999166666666666,5.143,9.986333333333333,3.6365,7.217666666666667,3.3795,13.634833333333336,11.726666666666668,19.11733333333333,21.567,13.877833333333331,12.341333333333331,12.904666666666666,14.1805,26.03083333333333,19.28833333333333,31.080666666666666,30.05216666666667,23.7915,20.4805,26.60233333333333
CAND_0050,12.682166666666664,7.311333333333334,8.325333333333333,8.219166666666666,5.362833333333333,9.2185,2.1608333333333336,6.45,4.604166666666667,12.867,10.958833333333333,18.3495,20.799166666666668,13.110166666666666,11.5735,11.993833333333331,13.412666666666668,25.263,18.5205,30.312833333333334,29.284333333333333,23.023666666666667,19.712666666666667,25.8345
CAND_0051,13.378166666666669,8.007333333333333,9.021333333333333,8.915166666666666,6.058833333333333,9.7825,2.7248333333333337,7.013833333333333,5.300166666666667,13.430833333333334,11.522833333333333,18.9135,21.363,13.674,12.1375,12.557833333333331,13.9765,25.826833333333333,19.084333333333333,30.876666666666665,29.848333333333336,23.5875,20.276666666666664,26.398333333333333
CAND_0052,24.660166666666665,18.5385,21.415333333333333,21.309,18.45266666666667,15.3685,15.376333333333331,14.8265,17.694000000000003,10.646,15.624833333333331,11.181,19.020166666666668,6.990666666666667,9.072666666666668,10.328166666666668,3.8955,22.66583333333333,15.923333333333334,27.715666666666667,26.68733333333333,20.4265,7.3715,13.766166666666669
CAND_0053,10.736666666666668,5.365833333333333,6.379833333333334,6.2735,3.417333333333333,10.293,3.5723333333333334,7.524500000000001,4.438666666666666,13.9415,12.0335,19.424,21.87366666666667,14.184666666666669,12.648166666666668,13.211333333333332,14.830628220886796,26.3375,19.595,31.38733333333333,30.358833333333333,24.64378779181816,20.787166666666668,26.909
CAND_0054,13.828166666666668,8.457333333333333,9.4715,9.365166666666664,6.508833333333333,9.125833333333333,1.378,6.516333333333334,5.750166666666667,12.933333333333334,11.025333333333332,18.41583333333333,20.8655,13.1765,11.64,10.984,13.479,25.32933333333333,18.58683333333333,30.379166666666663,29.35083333333333,23.09,19.779,25.90083333333333
CAND_0055,12.875,7.504166666666666,8.518166666666666,7.2205,5.871,11.095333333333334,4.745500000000001,7.741833333333333,3.0106666666666664,14.743833333333331,12.835666666666668,20.226333333333333,22.676,14.987,13.450333333333331,14.013666666666667,15.2895,27.13983333333333,20.39733333333333,32.18966666666667,31.161166666666663,24.9005,21.5895,27.711333333333336
CAND_0056,12.755666666666666,7.384833333333333,8.398833333333334,7.101166666666667,5.751666666666667,10.938166666666666,4.588333333333334,7.584666666666666,2.8535,14.586666666666668,12.6785,20.069166666666668,22.518666666666665,14.829666666666666,13.293166666666668,13.8565,15.132333333333332,26.982666666666667,20.240166666666667,32.0325,31.004,24.74333333333333,21.432333333333336,27.554
CAND_0057,14.635666666666667,9.264833333333334,10.278833333333331,10.172666666666666,7.316333333333334,7.201666666666667,4.239833333333333,5.6745,6.557666666666666,10.850166666666668,10.1835,16.490166666666667,19.29983333333333,11.093166666666669,9.556666666666668,10.12,11.395666666666669,23.403666666666663,16.661166666666666,28.4535,27.425,21.16433333333333,17.695833333333333,23.8175
CAND_0058,15.191166666666668,9.820333333333334,10.834333333333332,10.728166666666668,7.871833333333333,8.590666666666667,4.795333333333334,2.9511666666666665,5.9555,9.455666666666668,7.460166666666667,14.850666666666664,17.300333333333334,12.378666666666668,10.945666666666666,11.508833333333332,12.784666666666668,21.764166666666664,15.328643862869528,26.814,25.785666666666668,20.44933089522544,19.08483333333333,25.2065
CAND_0059,14.582666666666666,9.211833333333336,10.225833333333332,10.119666666666664,7.263333333333334,7.148666666666667,4.186833333333333,5.621666666666667,6.504666666666666,10.797166666666667,10.130666666666666,16.437166666666666,19.24683333333333,11.040333333333333,9.503666666666668,10.067,11.342833333333337,23.350666666666665,16.608166666666666,28.4005,27.372166666666665,21.11133333333333,17.642833333333332,23.764666666666667
CAND_0060,13.511666666666668,8.140833333333333,9.155,9.048666666666666,6.192333333333334,7.491166666666667,3.116,4.7225,5.433666666666666,11.139666666666669,9.2315,16.62216666666667,19.071666666666665,11.382666666666667,9.846166666666669,10.4095,11.685166666666667,23.535666666666668,16.793166666666668,28.585500000000003,27.557,21.296333333333333,17.985333333333333,24.107000000000003
CAND_0061,14.343333333333334,8.9725,9.9865,9.880333333333336,7.024,7.742833333333333,3.9475,5.3821666666666665,6.265333333333333,11.391166666666669,9.891166666666669,17.031333333333333,19.7315,11.634333333333332,10.097833333333334,10.661,11.936833333333334,23.94483333333333,17.202333333333335,28.994666666666667,27.966166666666663,21.7055,18.237,24.358666666666668
CAND_0062,27.017333333333333,21.9425,22.956666666666667,20.133,19.994000000000003,17.871166666666667,16.9175,11.467316037029102,17.278166666666667,8.114833333333333,10.7795,4.757666666666666,8.613333333333333,10.8915,15.3615,15.924833333333334,13.818333333333332,9.755666666666666,3.0131666666666663,14.8055,13.777,7.5560671008604565,13.886666666666668,20.281333333333336
CAND_0063,13.741833333333334,8.371,9.385,9.278833333333331,6.4225,8.153333333333332,3.346,5.384666666666666,5.663833333333333,11.801666666666668,9.893666666666666,17.284166666666668,19.733833333333333,12.044833333333337,10.508333333333333,11.0715,12.347333333333331,24.197666666666667,17.455166666666667,29.2475,28.21916666666667,21.95833333333333,18.64733333333333,24.769166666666667
CAND_0064,13.858833333333331,8.488,9.502,9.395833333333334,6.5395,8.030666666666667,3.463,5.2620000000000005,5.780833333333334,11.679166666666667,9.771,17.16166666666667,19.61116666666667,11.922166666666667,10.385666666666667,10.949000000000002,12.224833333333333,24.075166666666668,17.332666666666668,29.125,28.0965,21.835833333333333,18.524833333333333,24.6465
CAND_0065,13.8765,8.505666666666666,9.519666666666666,9.4135,6.557166666666666,7.405333333333333,3.4806666666666666,4.915333333333334,5.798500000000001,11.053666666666668,9.424333333333331,16.693833333333334,19.2645,11.296833333333332,9.760333333333334,10.3235,11.599333333333334,23.607333333333333,16.864833333333333,28.65716666666667,27.628666666666668,21.368,17.899333333333335,24.021166666666662
CAND_0066,13.219666666666663,7.848833333333333,8.862833333333333,8.756666666666666,5.900333333333333,8.570166666666667,2.8238333333333334,5.8015,5.141666666666667,12.2185,10.3105,17.701,20.150666666666663,12.461666666666668,10.925166666666666,11.488333333333332,12.764166666666666,24.6145,17.872,29.66433333333333,28.636000000000003,22.375166666666665,19.06433333333333,25.186
CAND_0067,15.209166666666668,9.838333333333331,10.852333333333332,10.746166666666666,7.889833333333333,7.987999999999999,4.8133333333333335,6.248,7.131166666666667,11.636333333333331,10.757,17.2765,20.086166666666667,11.8795,10.343,10.358833333333331,12.182,24.19,17.447499999999998,29.239833333333333,28.211333333333336,21.950666666666667,18.482166666666668,24.60383333333333
CAND_0068,14.677666666666664,9.306833333333334,10.320833333333333,10.214666666666666,7.358333333333333,7.243666666666667,4.281833333333334,5.7165,6.599666666666667,10.892166666666666,10.2255,16.532166666666665,19.341833333333334,11.135166666666668,9.598666666666666,10.162,11.437666666666669,23.445666666666668,16.703166666666668,28.4955,27.467,21.206333333333337,17.737833333333334,23.8595
CAND_0069,16.419833333333333,11.049,12.063,11.956833333333332,9.1005,9.819166666666666,6.024,3.8645,5.546333333333333,10.369,8.3735,15.764166666666666,18.213666666666665,13.292166666666668,12.174333333333331,12.7375,14.013333333333332,22.677666666666667,15.935166666666667,27.727500000000003,26.699,20.549189384677554,20.313333333333333,26.435166666666664
CAND_0070,8.595666666666666,3.679166666666666,4.238833333333334,3.7936666666666654,4.521833333333333,13.053333333333336,6.5425,10.284666666666668,6.5008333333333335,16.701833333333333,14.793666666666669,22.18433333333333,24.63383333333333,16.944833333333335,15.408333333333331,14.802333333333332,17.247333333333334,29.097666666666665,22.355166666666666,34.1475,33.119166666666665,27.00115936048167,23.5475,29.66916666666667
CAND_0071,18.476333333333333,13.105666666666668,14.119666666666664,14.013333333333332,11.157,11.012333333333334,8.080666666666666,2.4483333333333333,7.545333333333334,8.160333333333334,6.164833333333333,13.5555,16.005,11.0835,13.286166666666666,13.8495,14.010166666666668,20.469,13.7265,25.518833333333337,24.490333333333336,18.229666666666667,19.529166666666665,25.92383333333333
CAND_0072,17.395833333333332,12.025,13.039,12.932833333333331,10.0765,10.474833333333333,7.0,1.469666666666667,7.3605,7.974166666666666,5.978666666666667,13.369333333333334,15.819,10.897333333333334,12.7485,13.311833333333334,13.824166666666668,20.282833333333333,13.825047361394732,25.332666666666668,24.304166666666667,18.93973824540582,19.343166666666665,25.73783333333333
CAND_0073,17.235166666666665,11.864333333333333,12.8785,12.772166666666667,9.915833333333332,9.3375,6.839333333333333,1.0,6.609666666666667,8.621,6.625333333333333,14.016,16.465666666666667,11.544,11.611333333333333,12.1745,13.450333333333331,20.9295,14.187,25.979333333333333,24.95083333333333,19.067036263747944,19.7505,25.872166666666665
CAND_0074,16.903333333333332,11.5325,12.5465,12.440333333333331,9.584,10.302833333333332,6.507499999999999,2.619166666666666,6.8886666666666665,9.123666666666669,7.128166666666667,14.518833333333331,16.968333333333334,12.046666666666663,12.657833333333334,13.221166666666669,14.496833333333331,21.432166666666667,14.689666666666666,26.482000000000003,25.453666666666667,19.536524764008778,20.4925,26.887166666666666
CAND_0075,17.02466666666667,11.653833333333331,12.668,12.561666666666667,9.705333333333334,9.955666666666668,6.628833333333334,1.0,6.698,8.519833333333333,6.524333333333333,13.915,16.3645,11.443,12.229333333333331,12.792666666666666,14.0685,20.828333333333333,14.085833333333332,25.87816666666667,24.849833333333333,18.88821061859769,19.888666666666666,26.28333333333333
CAND_0076,16.604166666666668,11.233333333333333,12.247333333333334,12.141166666666669,9.284833333333331,9.683166666666668,6.208333333333333,1.647166666666667,6.589333333333333,8.362,6.3665,13.757,16.206666666666667,11.285,11.956833333333332,12.520166666666666,13.796,20.6705,13.944180679724884,25.720333333333333,24.692,19.062742491572244,19.730833333333333,26.1255
CAND_0077,17.65083333333333,12.28,13.294166666666666,13.187833333333334,10.3315,10.729833333333334,7.255,1.7248333333333332,7.615666666666667,7.339333333333333,5.343833333333333,12.7345,15.184166666666666,10.2625,13.003666666666668,13.567,13.189166666666669,19.648000000000003,13.587174241421412,24.69783333333333,23.988741652570024,18.697946085347734,18.70833333333333,25.103
CAND_0078,17.475833333333334,12.105,13.119,12.838,10.1565,10.875333333333334,7.08,3.372,6.131833333333334,9.466166666666668,7.470666666666667,14.861333333333333,17.311,12.389333333333331,13.230333333333334,13.793666666666669,15.069333333333333,21.774833333333333,15.032333333333334,26.824666666666666,25.796166666666668,19.737568502567182,20.835,27.22983333333333
CAND_0079,17.887833333333333,12.517,13.531,13.424666666666669,10.568333333333332,11.233833333333331,7.492,2.427,7.1695,8.521166666666666,6.525666666666667,13.916166666666667,16.365833333333335,11.444166666666666,13.5075,14.070833333333333,14.371,20.829666666666665,14.176038773156385,25.8795,24.851166666666664,19.290849370382826,19.89,26.284666666666663
CAND_0080,16.837,11.466166666666668,12.480166666666666,12.374,9.517666666666663,8.939333333333334,6.441166666666667,1.3806666666666667,6.277833333333334,8.977666666666666,6.982166666666667,14.372833333333334,16.822333333333333,11.154333333333334,11.213166666666666,11.776333333333334,13.052166666666666,21.28633333333333,14.543833333333334,26.336166666666667,25.307666666666663,19.34374544522572,19.35216666666667,25.474
CAND_0081,18.5845,13.213666666666668,14.227833333333333,13.988833333333334,11.265166666666666,11.984,8.188833333333333,3.0118333333333336,7.282666666666667,9.106,7.1105,14.501,16.950666666666667,12.029,14.2905,14.853833333333334,14.955833333333334,21.4145,14.672,26.46433333333333,25.436,19.385521797595057,20.474833333333333,26.8695
CAND_0082,19.5595,14.188666666666668,15.202666666666666,15.0965,12.240166666666664,9.487333333333334,9.163666666666668,5.873666666666667,11.217166666666666,7.457,8.3355,13.097166666666668,15.906666666666666,9.150833333333331,11.761166666666666,12.3245,12.203833333333334,20.0105,13.268,25.06033333333333,24.032,17.771166666666666,17.596666666666668,23.991333333333333
CAND_0083,17.579833333333333,12.209,13.223166666666666,13.116833333333334,10.2605,7.507833333333334,7.184166666666667,4.377833333333333,9.237666666666666,7.508333333333334,7.284000000000001,13.148333333333332,15.958,9.722833333333334,9.781666666666666,10.344833333333334,11.620666666666668,20.061833333333333,13.319333333333333,25.111666666666668,24.08333333333333,18.291158822654296,17.920666666666666,24.0425
CAND_0084,16.948166666666665,11.577333333333334,12.591333333333331,12.485166666666666,9.628833333333334,6.876,6.552333333333333,3.746,8.605833333333333,7.917833333333333,7.693666666666667,13.558,16.3675,9.091166666666668,9.149833333333332,9.713166666666666,10.989,20.4715,13.729,25.52133333333333,24.492833333333333,18.407749732690327,17.288999999999998,23.410666666666668
CAND_0085,18.897,13.526166666666668,14.540166666666666,14.434,11.577666666666666,8.824833333333334,8.501166666666666,5.205333333333333,10.554666666666666,6.788833333333333,7.667166666666666,12.428833333333332,15.238499999999998,7.924,11.098666666666666,11.662,10.977,19.34233333333333,12.599833333333333,24.392166666666665,23.363666666666667,17.39901848498256,16.369833333333336,22.7645
CAND_0086,13.4745,8.103666666666667,9.117666666666668,7.819833333333333,6.4703333333333335,12.061166666666669,5.711333333333333,9.1705,4.4395,15.709666666666667,13.801666666666668,21.192166666666665,23.64183333333333,15.952833333333333,14.416333333333334,14.9795,16.255333333333333,28.105666666666664,21.363166666666665,33.1555,32.12716666666667,25.866333333333333,22.555333333333333,28.67716666666667
CAND_0087,14.3795,9.977,10.991166666666668,7.1155,8.516833333333333,13.388833333333334,7.039,7.956166666666666,1.4245,13.05,11.803333333333336,18.44516666666667,21.254666666666665,15.973166666666666,15.743833333333331,16.307,17.582833333333333,25.3585,18.616,30.40833333333333,29.38,23.20685988141455,23.883,30.004666666666665
CAND_0088,15.590166666666669,10.5345,11.5485,8.326166666666667,8.586,13.429333333333334,7.0795,7.114166666666667,2.538,13.690833333333334,11.695333333333334,19.085833333333333,21.535500000000003,16.613833333333336,15.784333333333333,16.347666666666665,17.6235,25.999333333333333,19.256833333333336,31.049166666666668,30.020666666666667,23.76,23.9235,30.045166666666667
CAND_0089,32.07633333333333,25.954666666666665,28.77083333333333,28.66466666666667,25.808333333333334,22.72416666666667,22.73183333333333,22.182,25.049666666666667,17.913833333333333,22.89283333333333,16.288333333333334,22.9395,13.379166666666666,16.488833333333336,17.84283333333333,9.645,24.0995,17.357000000000003,29.14933333333333,28.121,21.860166666666665,5.7145,7.0955
CAND_0090,14.955833333333334,10.5535,11.5675,7.691999999999999,8.821,13.6645,7.314666666666667,7.479333333333333,1.9036666666666664,13.6265,12.0605,19.0215,21.831166666666665,16.549500000000002,16.0195,16.582833333333333,17.8585,25.935,19.1925,30.98483333333333,29.956333333333337,23.695666666666668,24.158666666666665,30.28033333333333
CAND_0091,23.235833333333336,17.114166666666666,19.56833333333333,19.46216666666667,16.605833333333333,13.521666666666668,13.529333333333334,12.979666666666668,15.847166666666668,9.379333333333332,14.358333333333333,11.958833333333333,19.0145,6.900833333333334,7.648333333333331,8.481333333333334,5.299,23.163,16.4205,28.21283333333333,27.18433333333333,20.92366666666667,9.539,15.933666666666666
CAND_0092,14.281166666666667,8.910333333333334,9.924333333333331,9.818166666666666,6.961833333333333,7.0600000000000005,3.8853333333333335,5.319999999999999,6.203166666666666,10.7085,9.829,16.348499999999998,19.158166666666663,10.9515,9.415,9.910666666666666,11.254,23.262,16.5195,28.311833333333333,27.28333333333333,21.022666666666662,17.554166666666667,23.675833333333333
CAND_0093,15.894333333333332,10.5235,11.5375,11.431166666666666,8.574833333333334,7.1435,5.498500000000001,6.3245000000000005,7.816333333333334,10.792,10.567666666666666,16.432,19.241666666666667,11.035,9.4985,10.061833333333334,11.3375,23.3455,16.602999999999998,28.395333333333333,27.36683333333333,21.106166666666663,17.637666666666668,23.75933333333333
CAND_0094,17.197666666666667,11.826833333333331,12.840833333333334,12.734666666666667,9.878333333333334,7.1255,6.801833333333334,6.061166666666667,9.119666666666664,10.528666666666668,10.304333333333334,16.168833333333332,18.97833333333333,11.017166666666666,9.4805,10.043833333333334,11.319666666666668,23.08216666666667,16.339666666666666,28.132,27.103666666666665,20.84283333333333,17.619666666666667,23.7415
CAND_0095,15.97,11.5675,12.5815,8.706,9.764833333333334,14.608166666666667,8.258333333333333,8.014333333333333,3.015,13.504333333333332,12.120166666666668,18.89933333333333,21.709,16.427333333333333,16.963166666666666,17.5265,18.802333333333333,25.812833333333334,19.07033333333333,30.862666666666662,29.834333333333333,23.573500000000003,24.87316666666667,31.22416666666667
CAND_0096,30.84783333333333,24.726166666666664,27.925666666666665,29.978666666666665,27.131833333333336,23.424166666666668,24.0555,23.505666666666663,26.37316666666667,20.577,25.556,26.35,30.212333333333333,20.2035,13.146,17.3925,16.985,34.36066666666667,27.618166666666664,39.4105,38.38216666666666,32.1215,21.997333333333334,20.73
CAND_0097,15.563833333333331,10.193,11.207,11.100833333333332,8.2445,6.813,5.168,5.994,7.485833333333333,10.4615,10.237166666666669,16.1015,18.911166666666663,10.7045,9.168,9.731333333333334,11.007166666666668,23.015,16.2725,28.064833333333336,27.03633333333333,20.775666666666663,17.307166666666667,23.428833333333333
CAND_0098,16.564833333333333,11.194,12.208,12.101833333333332,9.2455,8.375499999999999,6.169,1.7688333333333333,6.628666666666667,8.988166666666666,6.992666666666667,14.383333333333333,16.832833333333333,10.5905,10.649166666666668,11.2125,12.488333333333332,21.29683333333333,14.554333333333334,26.346666666666668,25.318166666666663,19.398526241669792,18.78833333333333,24.910166666666665
CAND_0099,3.9005,6.034666666666666,3.8588333333333336,5.926,9.680166666666668,18.21183333333333,11.700833333333332,15.443166666666666,11.171833333333332,21.860166666666665,19.952166666666667,27.342666666666663,29.79233333333333,22.10333333333333,18.966833333333334,17.8075,21.991666666666667,34.256166666666665,27.513666666666666,39.306,38.27766666666666,32.01683333333333,28.291666666666668,34.4135
CAND_0100,5.940666666666667,6.522,3.809,4.323333333333333,8.893333333333334,17.424833333333332,10.914,14.656166666666667,9.569166666666666,21.07333333333333,19.165166666666668,26.55583333333333,29.005333333333333,21.316333333333333,18.967666666666663,17.808333333333334,21.619000000000003,33.46933333333333,26.72683333333333,38.51916666666667,37.49066666666667,31.23,27.919,34.04066666666667
CAND_0101,16.856666666666666,11.485833333333334,12.5,12.393666666666666,9.537333333333333,6.7605,6.4608333333333325,6.035,8.778666666666668,8.547166666666667,9.850666666666664,14.612333333333334,17.422,8.548333333333334,7.143666666666666,7.707,8.982833333333334,21.52583333333333,14.783333333333331,26.575666666666667,25.547166666666666,19.2865,15.282833333333334,21.404666666666667
CAND_0102,17.417166666666667,12.046333333333331,13.060333333333334,12.954166666666667,10.097833333333334,4.325166666666666,7.021333333333333,6.5953333333333335,9.339166666666667,10.899666666666668,10.8385,16.702833333333334,19.5125,10.900666666666666,9.212166666666668,8.4805,11.051333333333334,23.616333333333333,16.873833333333334,28.666166666666665,27.637833333333333,21.377,17.351333333333333,23.473166666666668
CAND_0103,16.284333333333333,10.9135,11.9275,11.821333333333332,8.965,6.188166666666667,5.8885,5.4625,8.206333333333333,8.932833333333333,9.705666666666668,14.998,17.807666666666666,8.933833333333332,7.529333333333333,8.092666666666666,9.3685,21.9115,15.169,26.961333333333336,25.93283333333333,19.672166666666666,15.6685,21.790166666666668
CAND_0104,19.28666666666667,13.915833333333332,14.929833333333333,14.823666666666666,11.967333333333332,8.980500000000001,8.890833333333335,8.341166666666668,11.208666666666666,10.234,11.5375,16.299166666666668,19.108833333333333,10.235166666666666,6.4590000000000005,7.022333333333333,8.298,23.212666666666667,16.470166666666668,28.2625,27.234,20.973333333333336,14.598166666666666,20.719833333333334
CAND_0105,16.9845,11.613666666666669,12.627833333333331,12.5215,9.665166666666666,6.888333333333334,6.588833333333333,6.162833333333333,8.9065,9.175,10.406,15.240166666666664,18.049666666666667,9.175999999999998,7.7715,8.334833333333332,9.610666666666669,22.153666666666663,15.411166666666666,27.2035,26.175,19.91433333333333,15.910666666666666,22.032333333333334
CAND_0106,35.345166666666664,29.2235,32.03966666666667,31.9335,29.077166666666667,25.993,26.000666666666667,25.45083333333333,28.3185,21.19083333333333,26.169833333333333,23.43383333333333,30.085,20.008,19.75766666666667,21.111666666666668,12.913833333333336,31.245,24.502666666666663,36.295,33.61783333333333,29.00583333333333,14.492,13.2245
CAND_0107,16.152,10.781166666666667,11.795166666666669,11.689,8.832666666666666,5.853833333333333,5.756166666666667,5.441833333333333,8.074,9.909333333333333,9.685,15.5495,18.359,10.1525,8.573333333333332,9.136666666666668,10.412333333333333,22.46283333333333,15.720333333333334,27.512666666666668,26.48433333333333,20.2235,16.7125,22.834166666666665
CAND_0108,15.972666666666669,10.601833333333332,11.616,11.509666666666668,8.653333333333334,5.644333333333334,5.577,5.151,7.894666666666667,9.6185,9.394166666666669,15.2585,18.068166666666663,9.8615,8.296166666666666,8.8595,10.135166666666668,22.172,15.4295,27.221833333333333,26.19333333333333,19.932666666666663,16.435333333333332,22.557
CAND_0109,23.704166666666666,17.5825,19.577166666666667,19.471,16.61466666666667,13.5305,13.538166666666664,12.988499999999998,15.856,9.388166666666669,14.367,10.538833333333336,18.378,5.480833333333334,7.926833333333334,8.490166666666667,5.664166666666668,22.023666666666667,15.281166666666667,27.073500000000003,26.045,19.784333333333333,9.007,15.401666666666667
CAND_0110,25.312166666666663,19.19066666666667,22.006833333333336,21.9005,19.04416666666667,15.96,15.967833333333337,14.384833333333336,18.285500000000003,9.621333333333332,14.600333333333332,9.415833333333332,17.255,5.086666666666667,9.724666666666668,11.078833333333334,4.4075,20.900666666666663,14.158166666666666,25.9505,24.922,18.66133333333333,5.781166666666667,12.175833333333332
CAND_0111,23.50133333333333,18.206833333333336,19.22083333333333,16.617166666666666,16.258333333333333,13.505666666666666,13.181833333333334,7.8715,13.762333333333334,6.849833333333334,7.196666666666667,12.244833333333334,13.646833333333332,9.772833333333333,14.242833333333332,14.806166666666666,12.699666666666667,19.15833333333333,12.415833333333332,24.208166666666667,23.179666666666662,16.919,18.218666666666664,24.613333333333333
CAND_0112,21.944166666666668,16.0,17.587333333333333,17.481166666666663,14.624833333333331,11.540666666666668,11.548333333333334,10.998666666666669,13.866166666666668,7.545833333333333,12.524833333333332,13.318833333333334,17.180999999999997,7.172166666666667,6.344166666666666,6.9075,7.569,21.3295,14.587,26.37933333333333,25.351,19.09016666666667,13.869166666666668,19.99083333333333
CAND_0113,16.674333333333333,11.3035,12.3175,11.140833333333337,9.355,12.093,7.8485,5.343999999999999,4.434666666666667,11.445333333333334,9.449833333333334,16.8405,19.290000000000003,14.3685,14.448,15.011333333333331,16.287166666666668,23.753833333333333,17.011333333333333,28.80366666666667,27.77533333333333,21.514666666666667,22.58716666666667,28.70883333333333
CAND_0114,16.642833333333336,11.272,12.286,10.1745,9.3235,12.689333333333334,7.816999999999999,6.010833333333333,3.9003333333333337,12.459166666666668,10.463666666666668,17.854333333333333,20.304,15.382333333333332,15.044333333333332,15.607666666666669,16.8835,24.76783333333333,18.02533333333333,29.817666666666664,28.789166666666667,22.5285,23.1835,29.305333333333333
CAND_0115,16.692833333333333,11.322,12.336,11.345166666666668,9.3735,10.452833333333333,6.657666666666667,4.068833333333333,4.453166666666666,11.038333333333332,9.042833333333334,16.433333333333334,18.883,13.961333333333332,12.807833333333331,13.371166666666666,14.647,23.346833333333333,16.604333333333333,28.396666666666665,27.368166666666664,21.1075,20.947,27.06883333333333
CAND_0116,16.169333333333334,10.7985,11.8125,11.706333333333331,8.85,9.568833333333334,5.7735,2.8198333333333334,5.5605,9.324333333333334,7.328833333333334,14.719333333333331,17.169,12.247333333333334,11.923833333333333,12.487,13.762833333333331,21.63283333333333,15.135281799363929,26.682666666666663,25.654333333333334,20.247544446279743,20.063,26.184666666666665
CAND_0117,15.853333333333332,10.4825,11.496666666666666,10.488499999999998,8.533999999999999,11.9,7.027666666666667,5.221333333333333,3.6136666666666666,11.798,9.8025,17.192999999999998,19.642666666666667,14.721,14.255,14.818166666666666,16.094,24.1065,17.363999999999997,29.156333333333336,28.12783333333333,21.88830430093101,22.394166666666667,28.515833333333333
CAND_0118,17.11616666666667,11.745333333333331,12.7595,12.478333333333332,9.796833333333332,10.515666666666668,6.7203333333333335,3.1325,5.772166666666666,9.226666666666668,7.231166666666667,14.621666666666666,17.07133333333333,12.149666666666668,12.870666666666668,13.434,14.709833333333334,21.535166666666665,14.96192097342291,26.585,25.55666666666667,20.068654688445392,20.5955,26.990166666666667
CAND_0119,10.394333333333332,8.383666666666667,8.254666666666667,2.6046666666666667,9.585166666666668,16.8985,10.548666666666666,12.165333333333333,5.633666666666667,15.918833333333334,14.672166666666667,21.314,24.1235,18.842,19.2535,19.506833333333336,21.092666666666663,28.227500000000003,21.48483333333333,33.27733333333334,32.24883333333334,26.42531483605457,27.287666666666667,33.5145
CAND_0120,9.8735,7.737999999999999,7.609,1.959,8.9395,17.209333333333333,10.8595,12.476,5.944500000000001,16.229666666666667,14.983,21.624666666666663,24.43433333333333,19.15266666666667,19.56433333333333,18.86116666666667,21.40333333333333,28.538166666666665,21.795666666666666,33.588,32.5595,26.447187228210172,27.5985,33.82516666666667
CAND_0121,9.582833333333332,7.447333333333333,7.318333333333333,1.6683333333333332,8.648833333333332,17.1805,10.6695,14.24,7.7085,17.982166666666668,16.7355,23.377333333333336,26.186833333333333,20.905166666666663,19.535500000000003,18.5705,21.3745,30.290666666666667,23.548166666666667,35.3405,34.31216666666667,28.05133333333333,27.674666666666667,33.79633333333333
CAND_0122,12.4065,6.9398333333333335,8.049666666666667,7.9435,4.773833333333333,11.963,4.309666666666667,9.194333333333333,6.1085,15.6115,13.703333333333337,21.094,23.5435,15.8545,14.318,14.6665,16.157,28.00733333333333,21.265,33.05733333333333,32.02883333333333,25.768166666666666,22.45716666666667,28.57883333333333
CAND_0123,16.87783333333333,11.507,12.521166666666666,12.414833333333332,9.558666666666666,10.277333333333331,6.482166666666667,3.4560000000000004,6.215833333333333,9.550166666666666,7.554666666666666,14.945333333333334,17.394833333333334,12.473333333333333,12.632333333333332,13.195666666666666,14.4715,21.858666666666668,15.116166666666668,26.9085,25.880166666666664,20.030781474236242,20.7715,26.89333333333333
CAND_0124,17.092,11.721166666666669,12.735166666666666,12.629,9.772666666666668,10.4915,6.696166666666667,3.7425,6.062,10.1725,8.177,15.5675,18.017166666666665,13.0955,12.8465,13.409833333333331,14.6855,22.481,15.738499999999998,27.53083333333333,26.502333333333336,20.241666666666667,20.985666666666667,27.107333333333333
CAND_0125,16.270833333333332,10.9,11.914,10.923166666666669,8.951500000000001,10.235833333333334,6.440666666666667,3.353166666666666,3.9228333333333336,10.570166666666667,8.574666666666667,15.965166666666669,18.41483333333333,13.3175,12.591,13.154166666666669,14.43,22.878666666666668,16.136166666666664,27.9285,26.900166666666667,21.024259478701143,20.73,26.85183333333333
CAND_0126,15.837333333333332,10.4665,11.4805,11.374333333333334,8.517999999999999,9.236833333333331,5.4415,3.125833333333333,5.457833333333334,9.630333333333336,7.634833333333333,15.025333333333332,17.475,12.553333333333336,11.591833333333334,12.155,13.430833333333334,21.93883333333333,15.359265961471563,26.988666666666667,25.96033333333333,20.475965917799638,19.730833333333333,25.852666666666668
CAND_0127,16.628833333333333,11.258,12.272,12.165833333333332,9.309500000000002,10.028166666666667,6.2330000000000005,3.279333333333333,6.944333333333334,9.783833333333332,7.788333333333333,15.178833333333332,17.6285,12.706833333333332,12.383333333333333,12.9465,14.222333333333331,22.09233333333333,15.349833333333333,27.142166666666665,26.11383333333333,20.17157358359598,20.52233333333333,26.644166666666667
CAND_0128,16.1245,10.5005,11.767666666666663,11.6615,8.805166666666667,7.375333333333333,4.361833333333333,7.257333333333333,8.0465,12.126,11.766333333333334,17.766000000000002,20.575666666666667,12.369,10.392833333333334,9.2335,12.671666666666663,24.6795,17.937,29.729333333333333,28.701,22.440166666666663,18.971666666666668,25.09333333333333
CAND_0129,10.288666666666668,7.183666666666666,7.2945,2.720833333333333,7.162000000000001,15.5355,9.182666666666668,12.767,6.909166666666667,17.194333333333336,15.947666666666668,22.5895,25.399,19.42716666666667,17.8905,18.306833333333334,19.729666666666667,29.503,22.7605,34.55283333333333,33.52433333333333,27.263666666666666,26.029666666666667,32.1515
CAND_0130,20.660666666666668,14.539,17.7385,19.7915,17.643833333333337,13.237,14.118833333333331,16.113333333333333,17.552333333333333,15.8325,19.309833333333334,21.6665,25.52883333333333,15.52,9.881833333333333,5.264833333333333,12.906666666666666,29.67716666666667,22.934666666666665,34.727,33.69866666666667,27.437833333333334,19.206833333333336,25.3285
CAND_0131,35.23800000000001,29.116333333333333,31.9325,31.82633333333333,28.97,25.88583333333333,25.8935,25.343666666666664,28.211333333333336,21.083666666666662,26.062666666666665,20.4865,27.1375,17.577333333333335,19.6505,21.0045,12.806666666666668,28.297666666666665,21.555166666666665,32.74183333333333,28.43933333333333,26.058333333333334,9.912666666666668,4.992500000000001
CAND_0132,10.392166666666666,7.526833333333333,7.397833333333334,2.8243333333333336,8.071,16.444499999999998,10.0915,13.675833333333332,7.695833333333334,17.980999999999998,16.734333333333332,23.376,26.18566666666667,20.336,18.7995,18.65,20.6385,30.2895,23.547,35.339333333333336,34.311,28.050166666666662,26.938666666666663,33.06033333333333
CAND_0133,11.105,7.710166666666667,7.857666666666666,3.5371666666666663,7.688333333333333,16.061833333333333,9.709,11.411,4.879333333333333,15.1645,13.917833333333334,20.559666666666665,23.36916666666667,18.087666666666667,18.416833333333333,18.833166666666667,20.256,27.473166666666668,20.966665673148096,32.523,31.4945,26.031550407876242,26.53333333333333,32.67783333333333
CAND_0134,24.22233333333333,18.8515,19.8655,18.02466666666667,16.903,15.8565,13.8265,8.296166666666666,14.187,8.877,2.502833333333333,11.738666666666669,11.037666666666668,10.371333333333332,14.841333333333331,15.404666666666666,13.298166666666669,18.65216666666667,11.909666666666668,23.702,22.67366666666667,16.41283333333333,18.817166666666665,25.21183333333333
CAND_0135,17.1235,10.720333333333334,13.416333333333334,13.310166666666667,9.853666666666667,7.545333333333334,8.0325,10.639166666666666,11.200333333333331,15.896666666666668,15.148166666666668,21.53683333333333,24.34633333333333,16.106,10.162833333333332,9.0035,13.187666666666669,28.450333333333333,21.707666666666668,33.500166666666665,32.471666666666664,26.211,19.48783333333333,25.6095
CAND_0136,19.04233333333333,12.920666666666667,16.12,16.55366666666667,13.697333333333336,6.500666666666667,10.047166666666667,10.755833333333332,12.938833333333331,14.6465,14.999,20.863333333333333,23.673,15.061166666666669,9.361166666666666,8.201833333333333,12.386,27.77683333333333,21.034333333333333,32.82666666666667,31.798166666666667,25.5375,18.68616666666667,24.80783333333333
CAND_0137,28.227666666666668,22.106166666666663,24.92233333333333,24.816,21.959666666666667,18.8755,18.883166666666668,18.3335,21.201,14.0735,19.0525,14.6,21.251166666666663,11.823166666666667,12.640166666666666,13.994333333333334,5.796333333333333,22.411166666666663,15.668666666666669,27.461,26.432666666666663,20.17183333333333,5.658166666666667,11.737833333333333
CAND_0138,28.018833333333337,21.897166666666667,24.71333333333333,24.607166666666668,21.750833333333333,18.666666666666668,18.674333333333333,18.1245,20.992166666666662,13.8645,18.8435,14.391166666666669,21.042166666666667,11.614166666666668,12.431333333333331,13.785333333333334,5.5875,22.20233333333333,15.459833333333334,27.252166666666668,26.223666666666663,19.963,5.449166666666667,11.735833333333334
CAND_0139,28.93283333333333,22.81116666666667,25.627333333333336,25.521166666666662,22.66483333333333,19.580666666666666,19.58833333333333,19.0385,21.906166666666664,14.7785,19.7575,15.305166666666668,21.956166666666665,12.528166666666667,13.345333333333334,14.699333333333334,6.501499999999999,23.116333333333333,16.373833333333334,28.166166666666665,27.137666666666668,20.877,6.363166666666667,10.4445
CAND_0140,18.59,12.968284986888373,15.667666666666666,17.720833333333335,14.874,11.166166666666667,11.7975,11.247833333333334,14.115333333333332,10.0255,14.444333333333333,15.7985,19.660833333333336,9.652,2.059333333333333,5.1345,6.4335,23.80933333333333,17.06683333333333,28.859166666666667,27.830666666666666,21.57,12.7335,18.85533333333333
CAND_0141,22.300666666666665,16.179166666666667,19.3785,21.431500000000003,18.58483333333333,14.877,15.508333333333333,14.958666666666666,17.826166666666666,11.869333333333334,16.848333333333333,17.642333333333333,21.504666666666665,11.495666666666668,4.598833333333333,8.845333333333334,8.277166666666666,25.653,18.910500000000003,30.70283333333333,29.674333333333333,23.413666666666664,14.577333333333334,20.699
CAND_0142,22.099833333333333,15.978166666666668,19.177666666666667,21.230666666666664,19.082833333333333,14.676166666666669,15.558,15.7355,18.603,11.655833333333334,16.634833333333333,17.428833333333333,21.291,11.282166666666663,7.118666666666667,9.8265,8.063666666666666,25.4395,18.697,30.48933333333333,29.461,23.200166666666668,14.363833333333334,20.4855
CAND_0143,18.906,12.913963428532908,15.983833333333331,18.03683333333333,15.190166666666666,11.482333333333337,12.113666666666669,11.564,14.4315,9.9175,14.7605,15.690499999999998,19.552833333333336,9.544,2.3755,5.450666666666667,6.325333333333333,23.701166666666666,16.958666666666666,28.751,27.722666666666665,21.46183333333333,12.6255,18.747166666666665
CAND_0144,19.806833333333334,13.685333333333334,16.884666666666668,18.8955,16.039166666666667,12.383166666666666,12.962833333333332,12.413,15.2805,10.1435,15.122333333333334,15.916333333333334,19.778666666666663,9.769833333333334,1.7628333333333333,6.3515,6.551333333333333,23.92716666666667,17.184666666666665,28.977,27.948500000000003,21.687833333333334,12.851333333333336,18.973166666666668
CAND_0145,19.136333333333333,13.539317033296085,16.214166666666667,18.267166666666665,16.119333333333334,11.712666666666667,12.594333333333331,12.771833333333332,15.6395,8.9835,13.962333333333332,14.756333333333334,18.618666666666662,8.609833333333334,4.541,6.863,5.391333333333334,22.767166666666665,16.02466666666667,27.817,26.7885,20.527833333333334,11.691333333333334,17.813166666666667
CAND_0146,28.0785,22.707666666666668,23.721833333333333,21.878,20.759166666666665,19.61616666666667,17.682666666666666,12.1525,18.043333333333333,10.459333333333332,8.2875,7.328166666666666,4.297333333333333,12.636500000000002,17.1065,17.669833333333333,15.563166666666666,12.410333333333334,8.406833333333333,19.309833333333334,19.17083333333333,12.91,19.261166666666668,25.655666666666665
CAND_0147,28.052666666666667,22.681833333333334,23.696,21.85216666666667,20.73333333333333,19.590333333333334,17.656833333333335,12.126666666666669,18.0175,11.055333333333332,8.045666666666667,8.261666666666667,4.744,12.610666666666669,17.080666666666666,17.644000000000002,15.537333333333333,12.857,9.340333333333332,19.756500000000003,20.104333333333333,13.843666666666667,20.194666666666667,26.58933333333333
CAND_0148,28.05666666666667,22.68583333333333,23.7,21.856166666666663,20.73733333333333,19.59433333333333,17.661,12.130666666666666,18.0215,11.059333333333331,7.985666666666666,8.265666666666666,4.75,12.614666666666666,17.084666666666667,17.648000000000003,15.541333333333334,12.863,9.3445,19.7625,20.10833333333333,13.847666666666669,20.198666666666668,26.59333333333333
CAND_0149,27.7185,22.347666666666665,23.361833333333333,21.518,20.399166666666662,19.256166666666665,17.32283333333333,11.7925,17.683333333333334,9.7325,7.927499999999999,6.005166666666667,5.881,12.2765,16.7465,17.309833333333334,15.203333333333337,12.873666666666669,7.083833333333333,18.876166666666663,17.84783333333333,11.587,17.938166666666667,24.332833333333333
CAND_0150,31.960166666666662,26.8855,27.8995,25.076,24.937,22.814166666666665,21.8605,16.330333333333336,22.221166666666665,13.057833333333331,14.335,9.438,6.927333333333333,15.8345,20.3045,20.867833333333333,18.761333333333333,7.242999999999999,6.161666666666666,14.1425,15.852333333333332,9.591666666666669,18.418666666666663,24.813333333333333
CAND_0151,28.534666666666663,23.163833333333333,24.178,22.334166666666665,21.215333333333334,20.072333333333333,18.13883333333333,12.608666666666666,18.4995,11.569,7.977333333333333,8.696,4.843500000000001,13.092666666666666,17.562666666666665,18.126,16.019333333333332,12.9565,9.774666666666668,19.856,20.538666666666664,14.277833333333332,20.629,27.023666666666667
CAND_0152,28.272166666666667,22.901333333333334,23.915333333333333,21.92533333333333,20.95283333333333,19.66333333333333,17.87633333333333,12.346166666666669,18.236833333333333,9.907,8.481166666666667,6.008833333333333,5.018166666666667,12.624333333333334,17.153833333333335,17.717166666666667,15.6105,12.800999999999998,7.011166666666667,18.8035,17.775166666666667,11.514333333333331,17.94183333333333,24.3365
CAND_0153,29.22433333333333,23.8535,24.867666666666665,23.023833333333336,21.905,20.762,18.8285,13.298333333333334,19.189166666666665,11.364666666666666,9.409666666666668,7.4665,3.5165,13.782333333333334,18.252333333333336,18.81566666666667,16.709,11.6295,8.468833333333333,18.529,19.232666666666667,12.972,19.3995,25.79416666666667
CAND_0154,22.512833333333333,17.142,18.156,16.315166666666666,15.1935,14.147,12.117,6.586666666666667,12.4775,8.118500000000001,2.000833333333333,13.0925,12.852833333333333,11.0415,15.511500000000002,16.074833333333334,13.968333333333334,20.006,13.2635,25.05583333333333,24.0275,17.766666666666666,19.48733333333333,25.882
CAND_0155,21.478166666666667,16.107333333333333,17.1215,15.280666666666669,14.158833333333332,13.112333333333334,11.0825,5.5521666666666665,11.443,7.0840000000000005,1.3198333333333332,11.909,11.669333333333332,10.007,14.477,15.040333333333333,12.933833333333332,18.8225,12.08,23.872333333333334,22.844,16.583166666666667,18.45283333333333,24.8475
CAND_0156,21.2615,15.890666666666668,16.904666666666667,15.063833333333331,13.942166666666669,12.895666666666669,10.865666666666668,5.3355,11.226333333333336,6.867166666666666,1.32,11.909333333333333,11.669666666666666,9.790333333333333,14.260333333333334,14.823666666666666,12.717,18.82283333333333,12.080333333333334,23.872666666666664,22.84416666666667,16.5835,18.236,24.630666666666663
CAND_0157,21.44483333333333,16.074166666666667,17.088166666666666,15.247333333333334,14.1255,13.079,11.049166666666668,5.518833333333333,11.409666666666668,7.050666666666667,1.5034999999999998,12.092666666666666,11.853,9.973666666666666,14.443666666666669,15.007,12.9005,19.006166666666665,12.263666666666667,24.056,23.0275,16.766833333333334,18.419500000000003,24.814166666666665
CAND_0158,21.475,16.409833333333335,17.424,14.590833333333334,14.461333333333332,13.414833333333332,11.384833333333336,5.854666666666666,11.7455,7.386333333333334,2.625833333333333,12.7815,13.0035,10.309500000000002,14.7795,15.342833333333337,13.236166666666666,19.695,12.9525,24.744833333333336,23.71633333333333,17.455666666666666,18.755166666666664,25.149833333333333
CAND_0159,24.076833333333333,18.706,19.72,17.879166666666666,16.7575,15.711,13.681,8.150833333333333,14.041666666666666,7.975,3.917,9.709833333333334,9.470166666666668,9.4695,13.9395,14.502833333333331,12.396166666666666,16.623166666666666,9.880666666666666,21.673,20.64466666666667,14.383833333333332,17.915166666666668,24.309833333333334
CAND_0160,21.069166666666668,15.698333333333332,16.712333333333333,14.8715,13.749833333333331,12.703333333333337,10.673333333333334,5.143166666666667,11.033833333333332,6.674833333333334,2.3746666666666667,12.069833333333332,12.214833333333331,9.597833333333334,14.068,14.631166666666669,12.524666666666668,18.98333333333333,12.240833333333336,24.033166666666663,23.00483333333333,16.744,18.043666666666663,24.438333333333333
CAND_0161,24.51516666666667,19.144333333333336,20.15833333333333,18.26033333333333,17.195666666666668,16.149333333333335,14.119333333333334,8.589,14.479833333333334,10.120833333333334,2.491333333333333,14.134166666666664,13.8945,12.6125,17.082666666666668,17.645833333333332,15.539333333333332,21.047666666666665,14.305166666666668,26.0975,25.069166666666668,18.808333333333334,21.058333333333334,27.453
CAND_0162,21.423333333333336,16.0525,17.066666666666666,15.225666666666664,14.104,13.0575,11.027666666666669,5.497333333333333,11.388166666666669,7.029,1.909,11.401,11.161333333333332,9.879333333333332,14.349333333333334,14.912666666666668,12.806,18.3145,11.572,23.36433333333333,22.335833333333333,16.16559396629527,18.325,24.71966666666667
CAND_0163,21.6065,17.506833333333336,18.52083333333333,14.722333333333331,15.558333333333334,14.511833333333334,12.481833333333332,6.951666666666667,12.042833333333334,8.624500000000001,4.024166666666667,14.019666666666666,15.173,11.547666666666666,16.017666666666667,16.581,14.474333333333334,20.93316666666667,14.190666666666669,25.983,24.9545,18.69383333333333,19.99333333333333,26.388166666666667
CAND_0164,21.289166666666667,15.918333333333331,16.9325,15.091666666666669,13.97,12.9235,10.8935,5.363166666666667,11.254,6.895,1.83,12.011333333333331,11.771666666666668,9.818,14.288,14.851333333333336,12.744833333333334,18.924666666666667,12.182166666666664,23.9745,22.946166666666667,16.6855,18.26383333333333,24.6585
CAND_0165,21.3955,17.295833333333334,18.309833333333334,14.511166666666666,15.347333333333331,14.300833333333332,12.270833333333334,6.7405,11.831666666666669,8.4135,3.813,13.808666666666666,14.961833333333336,11.336666666666668,15.806666666666668,16.369833333333336,14.263333333333332,20.722,13.9795,25.771833333333333,24.7435,18.482666666666667,19.782333333333334,26.177
CAND_0166,21.160500000000003,15.789666666666667,16.80366666666667,14.962833333333332,13.841166666666668,12.794666666666666,10.764666666666669,5.2345,11.125333333333334,6.766166666666667,2.436333333333333,12.161166666666666,12.276666666666667,9.689166666666669,14.159333333333333,14.7225,12.616,19.074666666666666,12.332166666666666,24.1245,23.096166666666665,16.835333333333335,18.135,24.529666666666667
CAND_0167,31.3005,25.32772855990093,27.995166666666663,27.88883333333333,25.0325,21.94833333333333,21.956,21.406333333333336,24.273833333333336,17.146333333333335,22.125333333333334,18.2225,24.87366666666667,15.3135,15.713,17.067166666666665,8.869166666666667,26.03383333333333,19.291166666666665,31.083666666666662,30.055166666666665,23.794500000000003,7.648666666666667,5.6695
CAND_0168,20.970166666666668,15.8955,16.9095,14.086,13.947,11.658833333333332,10.8705,5.340333333333334,11.231,2.9325,7.1525,9.833166666666669,12.642833333333334,7.361166666666667,11.831166666666666,12.3945,10.288,16.746666666666666,10.920630360373776,21.7965,21.355582845021576,16.04495693035743,15.807,22.201666666666664
CAND_0169,20.664166666666667,15.5895,16.6035,13.78,13.641,11.518166666666668,10.5645,5.0343333333333335,10.925,3.8296666666666654,6.846500000000001,9.224666666666668,12.034333333333333,6.752666666666667,11.222833333333334,11.786,9.6795,16.138166666666667,10.928950147546175,21.188,21.349693466551333,16.047796260784285,15.1985,21.593166666666665
CAND_0170,21.97433333333333,16.679666666666666,17.693833333333334,15.090166666666669,14.731166666666669,11.9785,11.654666666666666,6.344333333333334,12.235166666666666,5.4446666666666665,8.156666666666666,10.839666666666666,13.649333333333336,8.367666666666667,12.837666666666667,13.401,11.2945,17.75316666666667,11.313383939048865,22.803,21.7745,16.431537424400172,16.813499999999998,23.208166666666667
CAND_0171,21.0325,15.8175,16.8315,14.148333333333332,13.869,11.116166666666668,10.7925,5.402666666666667,11.2935,3.4146666666666667,7.215,9.8955,12.705166666666663,7.423500000000001,11.893666666666666,12.456833333333332,10.350333333333332,16.809,11.155489386933379,21.858833333333333,21.586390212169448,16.27850396853379,15.869333333333334,22.264
CAND_0172,35.293,30.21833333333333,31.232333333333333,28.40883333333333,28.26983333333333,26.146833333333333,25.19333333333333,19.663166666666665,25.553833333333333,16.3905,19.055333333333333,13.033333333333331,16.940166666666666,16.889833333333332,23.63733333333333,24.200666666666667,20.771166666666662,12.566,9.506166666666669,17.615833333333335,16.587333333333333,10.326666666666666,18.2185,24.613166666666665
CAND_0173,23.153,17.78216666666667,18.796166666666668,16.955333333333336,15.833666666666666,14.787166666666668,12.757166666666668,7.227,13.117833333333332,7.894833333333334,3.146,10.910833333333333,10.671166666666666,9.389166666666666,13.859166666666663,14.4225,12.316,17.824333333333335,11.081833333333332,22.874166666666667,21.845666666666663,15.585,17.834999999999997,24.229666666666667
CAND_0174,22.541666666666668,17.170833333333334,18.185,16.344166666666666,15.222333333333331,14.175833333333332,12.146,6.615666666666667,12.5065,7.2835,2.8143333333333334,10.299666666666669,10.059833333333334,8.777833333333332,13.248,13.811166666666669,11.704666666666666,17.213,10.4705,22.262833333333333,21.2345,15.108097914941963,17.223666666666666,23.61833333333333
CAND_0175,23.134833333333333,17.764,18.778166666666667,16.937166666666666,15.815499999999998,14.769,12.739,7.208833333333333,13.099666666666668,7.5115,2.53,10.373333333333331,10.127166666666666,9.005833333333333,13.475833333333332,14.039166666666668,11.932666666666668,17.28666666666667,10.544166666666666,22.3365,21.30816666666667,15.047333333333334,17.451666666666664,23.84633333333333
CAND_0176,24.0595,18.688666666666663,19.70283333333333,17.861833333333333,16.740166666666667,15.693666666666669,13.663666666666668,8.1335,14.024333333333336,8.875833333333333,3.4546666666666668,11.737666666666666,11.4915,10.370166666666668,14.840333333333332,15.4035,13.297,18.651,11.908666666666669,23.701,22.6725,16.411833333333334,18.816,25.21066666666667
CAND_0177,23.026333333333334,17.6555,18.669500000000003,16.828666666666667,15.707,14.6605,12.6305,7.100333333333333,12.991166666666668,7.768166666666667,3.019333333333333,10.784166666666666,10.5445,9.2625,13.7325,14.295833333333333,12.189333333333334,17.697666666666667,10.955166666666663,22.7475,21.719,15.458333333333334,17.708333333333332,24.103
CAND_0178,24.231,18.860166666666665,19.874166666666667,18.03333333333333,16.91166666666667,15.865166666666664,13.835166666666668,8.305,14.195666666666666,9.665166666666666,3.5276666666666667,12.527,12.281,11.159666666666668,15.629666666666669,16.193,14.086333333333332,19.4405,12.698,24.490333333333336,23.46183333333333,17.201166666666666,19.60533333333333,26.0
CAND_0179,32.824666666666666,27.471,28.485,25.9405,25.5225,23.67866666666667,22.446,16.915833333333335,22.806500000000003,13.922333333333334,13.050833333333332,9.5065,3.2808333333333333,16.699,21.169,21.732333333333333,19.625833333333333,8.973166666666666,8.545833333333333,15.872666666666667,19.008666666666667,12.748,20.326166666666666,26.72083333333333
CAND_0180,33.791000000000004,28.420166666666667,29.43433333333333,27.0385,26.471666666666668,24.776666666666664,23.395166666666668,17.865000000000002,23.75583333333333,15.020333333333332,14.0,10.6045,4.230166666666666,17.797,22.267,22.83033333333333,20.72383333333333,9.148833333333332,9.271,16.048333333333332,19.3735,13.112833333333333,21.05133333333333,27.446
CAND_0181,33.074666666666666,28.0,29.014,26.1905,26.0515,23.92866666666667,22.975,17.444833333333335,23.33566666666667,14.172166666666667,16.837,10.815166666666666,9.6955,16.949,21.419,21.982333333333333,19.875666666666667,2.4465,7.287833333333333,9.346,13.005166666666666,6.7445,20.40683333333333,26.8015
CAND_0182,33.523,28.15216666666667,29.166166666666665,26.7705,26.203666666666667,24.508666666666667,23.127166666666668,17.596999999999998,23.48783333333333,14.752166666666666,13.732,10.3365,3.9621666666666666,17.529,21.999,22.56233333333333,20.455666666666666,8.880833333333333,9.002833333333333,15.780333333333337,19.1055,12.844833333333334,20.78333333333333,27.178
CAND_0183,32.11783333333333,26.747,27.761166666666668,25.365333333333336,24.7985,23.1035,21.722,16.19183333333333,22.082666666666668,13.347166666666668,12.326833333333331,8.931333333333333,2.557,16.123833333333334,20.593833333333336,21.15716666666667,19.050666666666665,9.460333333333333,8.249166666666666,16.359833333333334,19.013166666666667,12.752333333333333,20.029666666666667,26.424333333333333
CAND_0184,32.37433333333333,27.03983333333333,28.053833333333333,25.490166666666667,25.09133333333333,23.228166666666667,22.01483333333333,16.484666666666666,22.375333333333334,13.471833333333333,12.619666666666664,9.056166666666666,3.530666666666667,16.248666666666665,20.718666666666664,21.282,19.17533333333333,8.016333333333334,7.949333333333333,14.915833333333332,18.05183333333333,11.791166666666667,19.72983333333333,26.1245
CAND_0185,32.80233333333334,27.431500000000003,28.4455,26.049666666666667,25.48283333333333,23.78783333333333,22.4065,16.876166666666666,22.767,14.0315,13.011166666666666,9.615833333333336,3.241333333333333,16.80816666666667,21.278166666666667,21.8415,19.735,9.254,8.933666666666666,16.1535,19.28966666666667,13.028833333333331,20.714,27.108666666666668
CAND_0186,34.07983333333333,28.884166666666665,29.89816666666667,27.1955,26.93566666666667,24.933666666666667,23.859166666666667,18.32883333333333,24.21966666666667,15.177333333333332,14.464,11.0685,4.694,17.954,22.424166666666668,22.98733333333333,20.88083333333333,8.447666666666667,8.757666666666667,15.347166666666668,18.860333333333333,12.599666666666668,20.538166666666665,26.93283333333333
CAND_0187,33.6095,28.238666666666667,29.25283333333333,26.857000000000003,26.290333333333333,24.595166666666668,23.213833333333334,17.6835,23.57433333333333,14.838833333333334,13.8185,10.423166666666669,4.048666666666667,17.6155,22.08566666666667,22.648833333333336,20.54233333333333,8.893166666666668,9.0895,15.792666666666666,19.192,12.931333333333331,20.87,27.264666666666667
CAND_0188,31.912333333333333,26.5415,27.5555,25.35216666666667,24.593,23.090333333333334,21.5165,15.986333333333333,21.877166666666668,13.333833333333333,12.121333333333332,8.918166666666668,2.543833333333333,16.110666666666667,20.580666666666666,21.144,19.037333333333333,10.687333333333331,8.933666666666666,17.586833333333335,19.6975,13.436833333333334,20.629,27.023666666666667
CAND_0189,32.77633333333333,27.701666666666664,28.715666666666667,25.892166666666665,25.75316666666667,23.630166666666664,22.676666666666662,17.1465,23.037166666666668,13.873833333333332,16.3995,10.516666666666667,8.5335,16.650666666666666,21.12066666666667,21.684,19.57733333333333,4.507499999999999,6.916166666666667,11.407,13.939833333333333,7.679,20.035166666666665,26.42983333333333
CAND_0190,34.223,28.85216666666667,29.866333333333333,27.4705,26.903666666666663,25.208666666666662,23.82733333333333,18.297,24.187833333333334,15.452333333333334,14.432,11.0365,4.662166666666667,18.229,22.699,23.26233333333333,21.15583333333333,9.270166666666666,9.580333333333334,16.169666666666664,19.68283333333333,13.422166666666667,21.360833333333336,27.755333333333333
CAND_0191,32.995666666666665,27.64183333333333,28.65583333333333,26.1115,25.69333333333333,23.8495,22.61683333333333,17.086666666666666,22.977500000000003,14.093166666666669,13.221666666666666,9.6775,3.451833333333333,16.869833333333336,21.34,21.903166666666667,19.796666666666667,9.144,8.716666666666667,16.0435,19.179666666666662,12.918833333333334,20.497166666666665,26.89183333333333
CAND_0192,32.708333333333336,27.3375,28.351666666666667,26.3695,25.389,24.1075,22.312666666666665,16.782333333333334,22.673166666666667,14.351166666666668,12.917333333333334,10.453,4.522166666666666,17.068499999999997,21.598000000000003,22.16133333333333,20.054666666666662,12.665833333333332,10.912,19.56533333333333,21.676,15.415166666666666,22.386000000000003,28.780666666666665
CAND_0193,24.98783333333333,19.617,20.631,18.787333333333333,17.668499999999998,16.5255,14.592,9.061833333333334,14.952666666666666,8.051333333333334,4.721666666666667,8.176833333333333,7.937166666666667,9.545833333333333,14.015833333333337,14.579166666666667,12.4725,15.090333333333332,8.347833333333334,20.14016666666667,19.111666666666668,13.012346784299217,17.9915,24.386333333333333
CAND_0194,24.64,19.269166666666667,20.283166666666663,18.44233333333333,17.320666666666668,16.274166666666666,14.244166666666668,8.714,14.604833333333334,8.126833333333334,4.8685,10.263333333333332,10.023666666666664,9.621333333333332,14.091333333333331,14.6545,12.548,17.17683333333333,10.434333333333331,22.226666666666667,21.19816666666667,14.9375,18.067,24.461666666666662
CAND_0195,24.705166666666667,19.334333333333333,20.348333333333336,18.5075,17.385833333333334,16.339333333333332,14.309333333333331,8.779166666666667,14.67,8.603333333333333,4.196666666666667,10.1275,9.887833333333331,10.097833333333334,14.567833333333336,15.131166666666669,13.0245,17.041,10.2985,22.09083333333333,21.06233333333333,14.801666666666668,18.5435,24.938166666666667
CAND_0196,24.689666666666668,19.31883333333333,20.332833333333333,18.492,17.370333333333335,16.323833333333333,14.293833333333334,8.763499999999999,14.654333333333334,8.233166666666667,4.918,10.271666666666668,10.032,9.727666666666666,14.197666666666668,14.761,12.654333333333334,17.185166666666664,10.442666666666666,22.235,21.2065,14.945833333333333,18.1735,24.568
CAND_0197,24.62316666666667,19.252333333333336,20.2665,18.425666666666665,17.303833333333333,16.257333333333335,14.2275,8.697166666666668,14.588,7.960333333333334,4.832166666666667,8.085833333333333,7.846166666666666,9.454833333333331,13.924833333333334,14.488,12.3815,14.999333333333334,8.256833333333335,20.049166666666668,19.020666666666667,12.981270054984961,17.9005,24.295166666666667
CAND_0198,23.88883333333333,18.518,19.53216666666667,17.691166666666668,16.569499999999998,15.523,13.493,7.962833333333333,13.853666666666667,7.787000000000001,4.117333333333333,9.050333333333333,8.810666666666666,9.2815,13.7515,14.314833333333333,12.208166666666669,15.963833333333334,9.221333333333332,21.013666666666666,19.985166666666665,13.873114866072756,17.72716666666667,24.12183333333333
CAND_0199,25.01483333333333,19.644,20.658,18.817166666666665,17.6955,16.649,14.619,9.088833333333334,14.979666666666668,8.903666666666668,4.41,9.029166666666669,8.7895,10.398,14.868166666666667,15.431333333333331,13.324833333333334,15.942666666666666,9.200166666666666,20.9925,19.964,13.703333333333337,18.843833333333336,25.2385
CAND_0200,23.21833333333333,17.8475,18.861666666666668,17.020833333333332,15.899,14.8525,12.822666666666668,7.292333333333334,13.183166666666668,7.468999999999999,3.491,10.647666666666668,10.818666666666669,8.963333333333333,13.4335,13.996666666666666,11.890166666666666,17.56116666666667,10.818666666666669,22.611,21.5825,15.321833333333332,17.409166666666668,23.803833333333333
CAND_0201,24.78216666666667,19.41133333333333,20.4255,18.5845,17.462833333333332,16.416333333333334,14.386333333333331,8.856166666666667,14.747000000000002,8.680333333333333,4.507000000000001,9.469,9.229333333333331,10.174833333333334,14.644833333333334,15.208166666666669,13.1015,16.3825,9.64,21.432333333333336,20.404,14.143166666666668,18.6205,25.01516666666667
CAND_0202,23.65033333333333,18.2795,19.2935,17.45266666666667,16.331,15.2845,13.2545,7.724166666666666,13.615,7.548500000000001,3.878666666666666,9.263,9.023333333333332,9.042833333333334,13.513,14.076166666666667,11.969666666666663,16.176333333333336,9.433833333333332,21.226166666666664,20.19783333333333,13.937,17.488666666666667,23.883333333333333
CAND_0203,23.590666666666667,18.219833333333334,19.234,17.393166666666666,16.271333333333335,15.224833333333333,13.195,7.664666666666666,13.5555,7.489,3.819166666666667,9.203333333333337,8.963666666666667,8.983333333333333,13.453333333333337,14.016666666666667,11.91,16.116833333333332,9.374333333333334,21.166666666666668,20.13833333333333,13.8775,17.429166666666667,23.823833333333333
CAND_0204,23.9235,18.848666666666663,19.86283333333333,17.039166666666667,16.900166666666667,14.777333333333331,13.823833333333331,8.2935,14.184333333333331,6.303333333333333,7.685833333333333,9.736333333333333,12.342,7.440333333333333,11.910333333333334,12.473666666666666,10.367,16.649833333333333,9.907333333333334,21.699666666666666,20.671166666666668,14.4105,15.886,22.280666666666665
CAND_0205,31.8275,25.70583333333333,28.522,28.41583333333333,25.5595,22.47533333333333,22.483,21.933333333333334,24.800833333333333,17.665000000000003,22.644,16.0395,22.69066666666667,13.1305,16.24,17.594,9.396166666666666,23.85083333333333,17.108166666666666,28.900666666666663,27.872166666666665,21.6115,5.4656666666666665,5.679166666666666
CAND_0206,22.453,17.37816666666667,18.392333333333333,15.568666666666669,15.429666666666666,13.306833333333334,12.353333333333332,6.823,12.713833333333334,4.832833333333334,5.9608333333333325,8.0115,10.617166666666666,6.327166666666667,10.797333333333334,11.3605,9.254,14.924833333333334,8.853257165830808,19.974666666666668,19.26932305605047,13.969279111212012,14.773,21.167666666666666
CAND_0207,23.141666666666666,18.067,19.081,16.2575,16.1185,13.9955,13.042,7.511833333333333,13.4025,5.5215000000000005,4.986833333333333,8.700166666666666,11.306,7.016,11.486,12.049333333333331,9.942666666666666,15.613666666666669,8.880314621382215,20.6635,19.635,13.982056218199519,15.461666666666668,21.85633333333333
CAND_0208,22.2525,17.177666666666667,18.19183333333333,15.368166666666667,15.229166666666666,13.106333333333334,12.152666666666669,6.6225000000000005,12.513333333333332,4.632333333333333,6.014833333333333,8.065333333333333,10.671,6.126666666666667,10.596666666666666,11.16,9.0535,14.978666666666667,8.744583366069108,20.0285,19.175095360258613,13.867106627866987,14.5725,20.967166666666667
CAND_0209,24.132,19.057166666666667,20.07133333333333,17.247666666666664,17.108666666666668,14.985833333333334,14.032166666666663,8.502,14.392833333333334,6.511833333333333,7.894166666666666,9.944833333333332,12.5505,7.274666666666667,12.034333333333333,12.5975,10.491,16.858166666666666,10.115833333333336,21.908,20.879666666666665,14.619,15.720333333333334,22.115
CAND_0210,15.822166666666668,10.451333333333334,11.465333333333332,11.359166666666663,8.502833333333333,6.687333333333333,4.3105,6.917166666666666,7.744166666666667,11.438,11.213833333333334,17.078166666666668,19.887666666666668,11.681166666666666,9.704833333333331,8.5455,11.983666666666666,23.9915,17.249000000000002,29.04133333333333,28.013,21.752333333333336,18.283666666666665,24.4055
CAND_0211,26.064166666666665,20.69333333333333,21.7075,19.863666666666667,18.744833333333336,17.60183333333333,15.6685,10.138166666666669,16.029,9.127833333333331,6.273166666666667,7.596166666666666,6.976833333333333,10.622166666666669,15.092166666666666,15.6555,13.549,14.7635,8.418333333333333,20.21066666666667,19.182166666666667,12.9215,19.068,25.462666666666667
CAND_0212,25.3,20.22533333333333,21.23933333333333,18.41583333333333,18.27683333333333,16.153833333333335,15.200333333333331,9.67,15.560833333333331,6.3975,7.996333333333333,5.933666666666666,9.584,9.174333333333331,13.644333333333332,14.207666666666666,12.101,12.847166666666668,6.751785755914553,17.897,17.16957074618756,11.867683832114631,17.62,24.014666666666667
CAND_0213,30.619333333333334,25.544500000000003,26.558666666666667,23.735,23.596,21.473166666666668,20.51966666666667,14.989333333333333,20.880166666666664,11.716833333333334,12.994,8.097,6.8155,14.4935,18.963666666666665,19.52683333333333,17.420333333333335,8.477166666666667,5.297166666666667,15.376666666666669,16.061166666666665,9.8005,17.07766666666667,23.47233333333333
CAND_0214,26.723666666666663,21.352833333333333,22.36683333333333,20.52316666666667,19.404333333333334,18.261166666666668,16.327833333333334,10.797666666666666,16.688333333333333,8.7375,6.932666666666666,6.2495,6.2165,11.281666666666666,15.751666666666669,16.315,14.208333333333334,13.5845,7.071666666666667,18.864,17.835500000000003,11.574833333333334,18.1825,24.577166666666667
CAND_0215,28.572166666666664,23.20133333333333,24.2155,22.371666666666663,21.25283333333333,20.10983333333333,18.17633333333333,12.646166666666666,18.537,10.829666666666666,8.781166666666667,6.9315,4.267166666666666,13.130166666666666,17.600166666666667,18.1635,16.056833333333334,12.380166666666666,7.933833333333333,19.279666666666667,18.69783333333333,12.437,18.8645,25.259166666666665
CAND_0216,27.821666666666665,22.45083333333333,23.465,21.621166666666667,20.502333333333336,19.35933333333333,17.425833333333333,11.895666666666669,17.7865,10.803666666666668,8.030666666666667,8.315666666666667,8.124833333333333,12.379666666666669,16.849666666666668,17.413,15.306333333333331,15.600666666666664,9.137833333333331,20.930166666666665,19.901666666666664,13.641,20.2485,26.643166666666666
CAND_0217,27.274833333333333,21.904,22.918166666666664,21.07433333333333,19.9555,18.8125,16.879,11.348833333333332,17.23966666666667,9.288666666666668,7.483833333333333,6.634833333333333,6.274,11.832833333333332,16.302833333333332,16.86616666666667,14.759666666666668,13.503333333333334,7.622833333333333,19.415166666666668,18.38683333333333,12.126,18.567666666666664,24.962333333333333
CAND_0218,27.932666666666663,22.561833333333333,23.57583333333333,21.732166666666668,20.613333333333333,19.470166666666668,17.536833333333334,12.006666666666666,17.897333333333332,10.996166666666666,8.141666666666667,8.8085,8.5,12.4905,16.960666666666665,17.523833333333336,15.417333333333334,15.975833333333332,9.630666666666666,21.423,20.39466666666667,14.133833333333332,20.7415,27.136166666666668
CAND_0219,26.367833333333333,21.293166666666664,22.307166666666667,19.483666666666668,19.34466666666667,17.221833333333333,16.268166666666666,10.738,16.628833333333333,7.465333333333334,8.283166666666666,5.258333333333334,7.648666666666667,10.242166666666666,14.712166666666668,15.2755,13.169,12.3195,6.261476823036611,17.369333333333334,16.656435899007143,11.36424004635061,17.191333333333333,23.586
CAND_0220,25.96583333333333,20.891166666666667,21.905166666666663,19.081666666666667,18.942666666666664,16.819666666666667,15.866166666666668,10.335833333333332,16.226666666666667,7.0633333333333335,8.645666666666667,4.575333333333333,7.929666666666666,9.840166666666669,14.310166666666667,14.8735,12.766833333333333,13.0475,6.305000000000001,18.09733333333333,17.068833333333334,10.808166666666668,16.508333333333333,22.903
CAND_0221,26.558,21.48333333333333,22.497333333333334,19.67383333333333,19.53483333333333,17.411833333333334,16.458333333333332,10.928,16.818833333333334,7.6555,8.167666666666667,5.4015,7.451499999999999,10.432333333333334,14.902333333333331,15.4655,13.359,12.5165,6.125179246085422,17.566333333333333,16.538,11.224888249419541,17.3345,23.729166666666668
CAND_0222,26.598333333333336,21.523666666666667,22.537666666666667,19.714166666666664,19.575166666666668,17.452333333333335,16.498666666666665,10.9685,16.859166666666667,7.695833333333334,9.049166666666668,6.2415,9.201333333333334,10.472666666666669,14.942666666666666,15.506,13.399333333333336,13.302666666666664,6.5601666666666665,18.352500000000003,17.324,11.599878893123288,18.174333333333333,24.569166666666668
CAND_0223,26.752333333333336,21.677666666666667,22.691666666666663,19.868166666666664,19.729166666666668,17.606333333333335,16.652666666666665,11.1225,17.013166666666667,7.849833333333334,8.667666666666666,5.649666666666667,8.033,10.626666666666669,15.096666666666666,15.66,13.553333333333336,12.711,6.402082415764623,17.760833333333334,16.77752293867507,11.493421222808701,17.582666666666668,23.97733333333333
CAND_0224,26.10933333333333,21.034666666666663,22.04866666666667,19.225166666666667,19.086166666666667,16.963166666666666,16.009666666666668,10.4795,16.370166666666666,7.206833333333334,8.566,4.718833333333333,7.849833333333334,9.983666666666666,14.453666666666669,15.017,12.910333333333334,13.191,6.4485,18.24083333333333,17.212333333333333,10.951666666666666,16.651833333333332,23.0465
CAND_0225,25.470666666666663,20.39583333333333,21.41,18.586333333333336,18.447333333333333,16.3245,15.371,9.840666666666667,15.7315,6.5681666666666665,7.245999999999999,6.104333333333333,10.020666666666669,9.344833333333334,13.815,14.378166666666669,12.271666666666668,13.017833333333334,7.078827264192637,18.067666666666664,17.50573238440726,12.199386476114647,17.790666666666667,24.18533333333333
CAND_0226,26.694666666666667,21.62,22.634,19.8105,19.6715,17.54866666666667,16.595000000000002,11.064833333333333,16.955666666666666,7.792333333333334,9.116,5.304333333333333,8.4815,10.569,15.039,15.602333333333332,13.495833333333334,12.3655,6.275270146045153,17.415333333333333,16.698273359070992,11.39360879013595,17.237166666666667,23.631833333333336
CAND_0227,28.07933333333333,23.0045,24.0185,21.195,21.056,18.93316666666667,17.979499999999998,12.449333333333334,18.34016666666667,9.176833333333333,8.606666666666666,5.278666666666667,5.316333333333334,11.894166666666669,16.4235,16.986833333333333,14.880333333333336,12.070833333333333,6.281000000000001,18.07333333333333,17.044833333333333,10.784166666666666,17.211666666666666,23.60633333333333
CAND_0228,29.75633333333333,24.3855,25.3995,22.94983333333333,22.437,20.688,19.3605,13.830333333333334,19.721,10.9315,9.965333333333332,6.943333333333333,6.033,13.649,18.17833333333333,18.741666666666667,16.635,12.7875,6.9976666666666665,18.790000000000003,17.7615,11.500833333333333,18.654166666666665,25.04883333333333
CAND_0229,31.522,26.151166666666665,27.165166666666668,25.183,24.20266666666667,22.921166666666668,21.126166666666663,15.596,21.486833333333333,13.164833333333332,11.731,9.266666666666667,3.335833333333333,15.882166666666668,20.41166666666667,20.974833333333333,18.86833333333333,11.479333333333331,9.725666666666664,18.378833333333333,20.4895,14.228833333333334,21.199666666666666,27.59433333333333
CAND_0230,31.9375,26.862666666666662,27.87683333333333,25.053166666666662,24.914166666666667,22.79133333333333,21.83783333333333,16.3075,22.19833333333333,13.035,14.013666666666667,9.1275,4.924833333333334,15.811666666666667,20.28183333333333,20.845,18.7385,9.301666666666668,6.615333333333334,16.20116666666667,17.37933333333333,11.1185,18.39583333333333,24.7905
CAND_0231,27.900166666666667,22.8255,23.8395,21.016,20.877,18.754,17.8005,12.270166666666666,18.161,8.997666666666667,11.6625,2.7306666666666666,10.569833333333332,8.468,16.2445,16.807833333333335,12.411666666666669,14.2155,7.473,19.26533333333333,18.237,11.976166666666668,13.319,19.713666666666665
CAND_0232,28.7725,23.69783333333333,24.71183333333333,21.88833333333333,21.749333333333333,19.62633333333333,18.672833333333333,13.1425,19.03333333333333,9.87,12.534833333333331,3.3498333333333337,10.942833333333336,9.020666666666669,17.116833333333332,17.680166666666665,12.964333333333334,14.409833333333331,7.667333333333334,19.459666666666667,18.431166666666662,12.1705,12.837166666666668,19.23183333333333
CAND_0233,27.1245,22.04983333333333,23.06383333333333,20.240333333333336,20.101333333333333,17.978333333333335,17.024833333333333,11.494666666666664,17.38533333333333,8.222,10.886833333333334,4.357,10.934,8.285833333333333,15.468833333333333,16.032166666666665,13.201,14.609333333333332,7.866833333333333,19.659166666666668,18.630666666666663,12.37,14.574833333333334,20.9695
CAND_0234,27.70583333333333,22.631,23.645166666666668,20.821666666666665,20.6825,18.559666666666665,17.606166666666663,12.075833333333332,17.966666666666665,8.803333333333335,11.468166666666669,3.5743333333333336,11.4135,9.016,16.050166666666666,16.613333333333333,13.133333333333333,15.059166666666666,8.316666666666666,20.109,19.0805,12.819833333333332,14.507,20.901666666666664
CAND_0235,27.323666666666668,22.249,23.263,20.4395,20.3005,18.177666666666667,17.224,11.693833333333334,17.584666666666667,8.421166666666666,11.086,2.3400000000000003,10.179166666666667,8.469333333333333,15.668,16.231333333333332,12.413,13.824833333333334,7.082333333333334,18.874666666666663,17.846166666666665,11.5855,13.786833333333334,20.181500000000003
CAND_0236,28.399833333333333,23.325,24.339166666666664,21.515666666666668,21.3765,19.253666666666668,18.300166666666662,12.769833333333334,18.660666666666668,9.497333333333334,12.162166666666668,3.2303333333333333,11.0695,8.075333333333333,16.588833333333334,17.151999999999997,12.019,14.715166666666669,7.972666666666667,19.765,18.7365,12.475833333333332,13.203166666666668,19.59783333333333
CAND_0237,30.76333333333333,25.688666666666663,26.70266666666667,23.879166666666663,23.740166666666667,21.61733333333333,20.663666666666664,15.1335,21.02433333333333,11.861,14.525666666666666,5.340833333333333,11.991833333333334,8.166500000000001,16.68,17.243333333333332,12.110333333333331,14.419,8.637166666666667,19.468833333333336,18.44033333333333,12.179666666666666,13.484,19.878666666666668
CAND_0238,26.590333333333334,21.515666666666668,22.529666666666667,19.706166666666665,19.567166666666665,17.444166666666668,16.490666666666666,10.960333333333333,16.851166666666668,7.687833333333333,10.352666666666666,1.8188333333333333,9.26,7.960833333333331,14.934666666666669,15.497833333333334,11.904666666666666,12.905666666666669,6.163166666666667,17.955499999999997,16.92716666666667,10.666333333333334,13.278333333333334,19.673
CAND_0239,31.24383333333333,26.16916666666667,27.18316666666667,24.359666666666666,24.2205,22.097666666666665,21.144166666666667,15.613833333333334,21.504666666666665,12.341333333333331,12.811833333333334,7.925666666666667,3.722833333333333,15.118166666666667,19.588166666666663,20.151333333333334,18.044833333333333,8.901,6.073333333333333,15.8005,16.83716666666667,10.5765,17.853666666666665,24.2485
CAND_0240,30.566166666666668,25.4915,26.5055,23.682,23.543,21.42,20.4665,14.936166666666669,20.827,11.663666666666668,14.3285,5.239,11.89,7.838666666666667,16.352166666666665,16.915499999999998,11.7825,14.736333333333333,8.535333333333334,19.786166666666663,18.75766666666667,12.497000000000002,13.156166666666667,19.550833333333333
CAND_0241,29.984166666666667,24.909333333333333,25.9235,23.1,22.961,20.838,19.8845,14.354166666666666,20.245,11.081666666666669,13.7465,4.814666666666667,12.41,7.256666666666666,15.770166666666666,16.3335,11.2005,15.256166666666669,9.055166666666668,20.306,19.27766666666667,13.017,12.574166666666668,18.968833333333336
CAND_0242,27.042166666666667,21.9675,22.9815,20.158,20.019,17.896166666666666,16.9425,11.412333333333333,17.303166666666666,8.139833333333334,10.8045,1.872833333333333,9.712,7.61,15.386500000000002,15.949833333333334,11.553666666666668,13.357666666666669,6.615166666666667,18.4075,17.379,11.118333333333334,12.9275,19.322166666666664
CAND_0243,30.51333333333333,25.431500000000003,26.45266666666667,23.629166666666663,23.490166666666667,21.331,20.413666666666664,14.8835,20.774166666666662,11.610833333333334,14.275666666666666,5.343999999999999,12.876333333333331,7.331,15.8445,16.407833333333333,11.274833333333332,15.722666666666669,9.5215,20.7725,19.744000000000003,13.483333333333333,12.6485,19.043166666666664
CAND_0244,29.7715,24.696666666666665,25.710833333333333,22.887166666666666,22.74816666666667,20.625333333333334,19.67183333333333,14.1415,20.032333333333334,10.869,11.350166666666668,6.453333333333333,5.827,13.645666666666669,18.11583333333333,18.679,16.5725,9.202666666666666,5.198333333333333,16.102166666666665,15.962166666666668,9.7015,16.978833333333334,23.3735
CAND_0245,28.39783333333333,23.323,24.33716666666667,21.5135,21.3745,19.251666666666665,18.298166666666667,12.767833333333334,18.658666666666665,9.495333333333331,12.160166666666669,6.138166666666667,7.7725,12.272,16.742166666666666,17.305333333333333,15.198833333333331,10.767,4.0245,15.816833333333332,14.788333333333332,8.527666666666667,15.804833333333333,22.1995
CAND_0246,34.13633333333333,28.7655,29.7795,27.79733333333333,26.817,25.535500000000003,23.7405,18.210166666666662,24.101,15.779,14.345333333333334,11.490666666666668,5.116166666666667,18.4965,23.02583333333333,23.589166666666664,21.4825,13.259833333333336,11.506,20.159333333333333,22.27,16.009166666666665,23.20133333333333,29.596166666666665
CAND_0247,32.27466666666667,26.90383333333333,27.91783333333333,25.582833333333333,24.95533333333333,23.321,21.878833333333333,16.348666666666666,22.23933333333333,13.564666666666666,12.483666666666666,9.148833333333332,2.7745,16.341333333333335,20.8115,21.374666666666663,19.268166666666666,10.918166666666668,9.164333333333332,17.817666666666664,19.92833333333333,13.6675,20.859666666666666,27.25433333333333
CAND_0248,35.03666666666666,29.66583333333333,30.68,28.499666666666663,27.71733333333333,26.23783333333333,24.640833333333333,19.110666666666667,25.0015,16.4815,15.245666666666668,12.065833333333334,5.691333333333334,19.258166666666668,23.72833333333333,24.2915,22.185,13.835,12.081166666666666,20.7345,22.845166666666668,16.584333333333333,23.7765,30.171333333333333
CAND_0249,32.2645,27.189666666666668,28.20383333333333,25.380166666666664,25.24116666666667,23.11833333333333,22.16483333333333,16.6345,22.52533333333333,13.362,16.026666666666667,10.004833333333332,12.976833333333332,16.13866666666667,20.608833333333333,21.172,19.0655,6.068333333333333,6.4775,12.967833333333337,12.195,5.934166666666667,19.5965,25.99116666666667
CAND_0250,32.66983333333334,27.595166666666668,28.609166666666667,25.785666666666668,25.646666666666665,23.523833333333336,22.57016666666667,17.04,22.93083333333333,13.767333333333331,16.432166666666667,10.410333333333334,14.317166666666669,16.544166666666666,21.014166666666664,21.5775,19.471,8.649333333333335,6.883,14.0755,13.047,6.786333333333333,20.002,26.396666666666665
CAND_0251,32.17916666666667,27.1045,28.1185,25.295,25.156,23.033,22.0795,16.549333333333333,22.44,13.276666666666667,15.9415,9.9195,13.8265,16.0535,20.5235,21.08683333333333,18.980166666666666,8.1585,6.392333333333334,13.584666666666667,12.556333333333331,6.2955000000000005,19.511166666666668,25.90583333333333
CAND_0252,29.4995,24.424666666666667,25.43883333333333,24.081526348092186,22.476166666666664,20.35333333333333,19.531746318246963,15.611062579246571,19.91650092669794,11.499724292517628,13.261833333333334,7.239833333333333,11.146666666666668,13.373666666666669,17.843833333333336,18.407,16.3005,5.688166666666667,3.7125,11.114333333333333,10.085833333333332,3.8251666666666666,16.8315,23.226166666666664
CAND_0253,29.873833333333334,24.799,25.813166666666667,24.224077422161262,22.8505,20.727666666666668,19.774,15.723715981851417,20.134666666666664,11.597049375728671,13.636,7.614166666666667,11.521,13.748,18.218,18.781333333333336,16.674833333333332,5.853166666666667,4.086833333333334,11.279333333333334,10.250833333333333,3.990166666666666,17.20583333333333,23.6005
CAND_0254,32.72666666666667,27.652,28.666,25.8425,25.7035,23.580666666666666,22.627,17.096833333333333,22.987666666666662,13.824333333333334,16.489,9.682166666666664,14.374,12.507833333333334,21.02133333333333,21.5845,16.389166666666668,9.999666666666666,6.9398333333333335,15.0495,14.021,7.760333333333333,13.836333333333332,20.231
CAND_0255,35.29883333333333,30.224,31.238166666666665,28.41466666666667,28.275666666666663,26.15266666666667,25.199166666666667,19.66883333333333,25.559666666666665,16.396333333333335,19.06116666666667,13.039166666666668,12.507333333333332,19.173166666666667,23.643166666666666,24.206333333333337,22.099833333333333,3.1180000000000003,9.511833333333334,8.567,11.455166666666663,4.962833333333333,22.63083333333333,29.0255
CAND_0256,34.025333333333336,28.950666666666667,29.96466666666667,27.141166666666667,27.002166666666668,24.87933333333333,23.925666666666665,18.3955,24.28633333333333,15.123,17.787666666666667,11.765833333333337,12.010833333333332,17.89966666666667,22.369666666666667,22.933,20.82633333333333,3.5661666666666667,8.2385,9.738499999999998,12.6265,6.134333333333333,21.3575,27.752166666666668
CAND_0257,26.829833333333333,21.755166666666664,22.769166666666667,19.945666666666668,19.80666666666667,17.683833333333332,16.730166666666666,11.2,17.090666666666667,7.927333333333333,9.251166666666668,5.439333333333334,8.6165,10.704166666666667,15.174166666666668,15.7375,13.630833333333332,12.5005,6.363035908650245,17.550333333333334,16.786932267515816,11.481866236141737,17.372333333333334,23.767
CAND_0258,32.280166666666666,27.2055,28.21966666666667,25.396,25.257,23.134166666666665,22.1805,16.650333333333332,22.541166666666665,13.377833333333331,16.0425,10.020666666666669,11.071333333333332,16.1545,20.6245,21.187833333333334,19.081333333333337,3.3735,6.493333333333334,10.152,12.210666666666668,5.913166666666667,19.61233333333333,26.007
CAND_0259,34.230333333333334,29.155666666666665,30.169666666666668,27.346166666666665,27.20716666666667,25.084333333333333,24.130666666666663,18.6005,24.49116666666667,15.327833333333333,17.992666666666665,11.970666666666666,10.9045,18.104666666666667,22.574666666666666,23.138,21.031333333333336,1.1153333333333333,8.4435,7.893833333333333,12.5925,6.1001666666666665,21.5625,27.95716666666667
CAND_0260,32.619166666666665,27.544500000000003,28.5585,25.735,25.596,23.473166666666668,22.5195,16.989333333333335,22.880166666666664,13.716833333333334,16.3815,10.359666666666667,14.2665,16.4935,20.9635,21.52683333333333,19.420166666666667,7.679,6.832333333333334,11.928166666666668,10.899833333333332,4.638999999999999,19.95133333333333,26.346
CAND_0261,35.8365,30.761666666666667,31.77583333333333,28.952166666666667,28.813166666666667,26.69033333333333,25.736666666666668,20.2065,26.09733333333333,16.934,19.59883333333333,13.576833333333331,12.5105,19.71066666666667,24.180666666666664,24.744000000000003,22.6375,2.7878333333333334,10.0495,7.099,12.548666666666666,6.253333333333333,23.1685,29.563166666666667
CAND_0262,34.80283333333333,29.728166666666667,30.742166666666662,27.918666666666663,27.779666666666667,25.65683333333333,24.703166666666668,19.173,25.06383333333333,15.9005,18.565166666666663,12.543333333333331,12.788333333333332,18.67716666666667,23.147166666666667,23.710500000000003,21.604,3.564,9.016,9.013166666666669,11.901333333333334,5.409000000000001,22.135,28.529666666666667
CAND_0263,33.49166666666667,28.416833333333333,29.431,26.607333333333333,26.46833333333333,24.3455,23.392,17.861666666666668,23.7525,14.589166666666667,17.254,11.232,12.282666666666668,17.365833333333335,21.836,22.399166666666662,20.292666666666666,4.0616666666666665,7.704666666666666,9.432166666666664,11.495166666666668,5.015833333333333,20.823666666666668,27.21833333333333
CAND_0264,32.766666666666666,27.692,28.706,25.8825,25.7435,23.62066666666667,22.667,17.136833333333335,23.02766666666667,13.864333333333333,16.529,10.507166666666668,10.372333333333334,16.641000000000002,21.111,21.674333333333333,19.567833333333333,3.4115,6.979833333333334,10.190166666666666,12.697166666666668,6.4365,20.09883333333333,26.4935
CAND_0265,33.303000000000004,28.228166666666667,29.24233333333333,26.418666666666663,26.279666666666667,24.15683333333333,23.203166666666668,17.673000000000002,23.56383333333333,14.4005,17.065166666666666,11.043333333333331,12.094,17.17716666666667,21.647166666666667,22.210500000000003,20.104,3.872833333333333,7.516,9.098833333333332,11.161833333333334,4.6825,20.635,27.029666666666667
CAND_0266,34.255,29.180333333333333,30.194333333333336,27.370833333333334,27.23183333333333,25.108833333333333,24.15533333333333,18.625166666666665,24.515833333333333,15.3525,18.017333333333333,11.995333333333331,10.929,18.12933333333333,22.59933333333333,23.162666666666667,21.056,1.2063333333333333,8.468166666666667,7.985,12.6835,6.191166666666667,21.587,27.98166666666667
CAND_0267,37.01083333333334,31.93616666666667,32.95016666666667,30.126666666666665,29.987666666666662,27.864833333333333,26.911166666666663,21.381,27.271833333333333,18.1085,20.77316666666667,14.751333333333331,18.280166666666663,20.885166666666667,25.355166666666666,25.9185,23.811833333333333,8.557666666666668,11.224,2.878833333333333,5.989833333333333,5.671833333333334,24.343,30.737666666666662
CAND_0268,39.22916666666666,34.1545,35.1685,32.345,32.206,30.083,29.1295,23.59916666666667,29.49,20.326666666666664,22.9915,16.9695,15.903166666666667,23.1035,27.573500000000003,28.13683333333333,26.030166666666663,6.180499999999999,13.442333333333332,8.446666666666667,13.896333333333333,9.016666666666667,26.56116666666667,32.95583333333333
CAND_0269,36.127500000000005,31.052833333333336,32.066833333333335,29.24333333333333,29.104333333333333,26.98133333333333,26.027833333333334,20.4975,26.38833333333333,17.225,19.88983333333333,13.867833333333332,13.559,20.001666666666665,24.471833333333333,25.035,22.9285,4.169666666666667,10.3405,9.618833333333331,12.506833333333333,6.0145,23.4595,29.854166666666668
CAND_0270,29.567,24.49233333333333,25.50633333333333,22.68283333333333,22.54383333333333,20.42083333333333,19.46733333333333,13.937,19.82783333333333,10.6645,11.145833333333334,6.248833333333334,5.6226666666666665,13.441333333333334,17.911333333333335,18.474666666666668,16.368000000000002,8.998166666666666,4.993833333333333,15.897666666666668,15.757833333333334,9.497000000000002,16.774333333333335,23.169
CAND_0271,33.9385,28.863666666666667,29.87783333333333,27.05433333333333,26.915333333333333,24.79233333333333,23.838833333333334,18.3085,24.19933333333333,15.036,17.700833333333332,11.678833333333332,13.0785,17.812833333333334,22.282833333333333,22.846,20.7395,3.4796666666666667,8.1515,8.580666666666668,10.6435,4.164333333333333,21.2705,27.665166666666668
CAND_0272,35.7365,30.66166666666667,31.675833333333333,28.85216666666667,28.713166666666663,26.590333333333334,25.636666666666667,20.1065,25.997333333333334,16.834,19.498833333333334,13.476833333333332,14.520166666666666,19.610666666666667,24.080666666666666,24.644,22.5375,4.7975,9.9495,8.341333333333333,10.369833333333334,3.8775,23.0685,29.463166666666663
CAND_0273,24.137,18.766166666666667,19.780166666666663,17.93933333333333,16.817666666666664,15.771166666666666,13.741166666666668,8.211,14.101666666666668,8.071666666666667,3.532166666666667,10.335666666666668,10.089666666666666,9.566,14.036,14.599333333333334,12.492833333333332,17.249166666666667,10.506666666666666,22.299,21.2705,15.009833333333336,18.011833333333335,24.4065
CAND_0274,37.10816666666666,32.0335,33.0475,30.224,30.085,27.962,27.0085,21.47833333333333,27.369000000000003,18.205666666666666,20.8705,14.8485,18.3775,20.9825,25.4525,26.015833333333333,23.909166666666668,8.654833333333332,11.321333333333332,3.6665,7.107666666666666,5.769166666666666,24.44033333333333,30.83483333333333
CAND_0275,32.1945,27.119833333333336,28.13383333333333,25.31033333333333,25.171333333333333,23.048333333333336,22.094833333333334,16.5645,22.45533333333333,13.292,15.817666666666666,9.934833333333334,9.639166666666666,16.068833333333334,20.538833333333333,21.102,18.9955,4.957666666666666,6.334333333333333,11.857166666666666,13.242,6.981166666666667,19.453333333333333,25.848000000000003
CAND_0276,19.64816666666667,13.526666666666667,16.726,17.0145,14.158166666666666,11.074000000000002,11.081666666666669,10.531833333333331,13.3995,9.1035,13.728333333333332,14.8765,18.738666666666667,8.729833333333334,3.870833333333333,5.2955000000000005,6.5425,22.887166666666666,16.144666666666666,27.937,26.908666666666665,20.64783333333333,12.842666666666666,18.96433333333333
CAND_0277,34.35816666666666,28.2365,31.052666666666667,30.9465,28.09016666666667,25.006,25.013666666666666,24.463833333333334,27.3315,20.20383333333333,25.18283333333333,20.4875,27.1385,17.578333333333333,18.770666666666667,20.124666666666663,11.926833333333333,28.29866666666667,21.556166666666662,33.3485,30.88583333333333,26.05933333333333,9.913666666666668,7.002833333333333
CAND_0278,37.0145,31.939666666666668,32.953833333333336,30.130166666666664,29.99116666666667,27.86833333333333,26.91483333333333,21.3845,27.27533333333333,18.112,20.776666666666664,14.754833333333332,15.663333333333332,20.888666666666666,25.358833333333333,25.922,23.8155,5.940666666666667,11.2275,7.568666666666667,11.647833333333333,5.1555,24.3465,30.74116666666667
CAND_0279,35.824666666666666,30.75,31.764,30.405814078111703,28.8015,26.6785,25.984167237066973,22.04615989163316,26.265352548924962,17.959023900584548,19.587,13.565,17.471833333333333,19.699,24.169,24.732333333333333,22.625666666666667,11.193333333333332,10.037833333333332,6.001333333333333,4.5488333333333335,4.485666666666666,23.15666666666667,29.55133333333333
CAND_0280,35.20116666666667,30.12633333333333,31.1405,29.400927726751323,28.177833333333336,26.055,25.101333333333333,21.04281576065332,25.462,16.960163177511866,18.9635,12.9415,16.848333333333333,19.075333333333333,23.54533333333333,24.108666666666668,22.002166666666668,8.924333333333333,9.414166666666668,5.085166666666667,5.6546666666666665,3.862,22.533166666666663,28.927833333333336
CAND_0281,35.75933333333333,30.978311445418875,31.698666666666668,30.742720198505417,29.062242403372757,26.613333333333333,26.24910510020447,22.327363189420012,26.591894735693078,18.215170225293885,19.521666666666665,13.499666666666666,17.40666666666667,19.633666666666667,24.103666666666665,24.667,22.56033333333333,11.127999999999998,9.9725,6.616,5.003833333333334,4.420333333333334,23.0915,29.48616666666667
CAND_0282,35.23583333333333,30.161,31.175166666666662,29.395594747800168,28.2125,26.08966666666667,25.136166666666668,21.00777983568111,25.496666666666663,16.911714287527126,18.99816666666667,12.976166666666668,16.883,19.11,23.580166666666667,24.14333333333333,22.03683333333333,9.229166666666666,9.448833333333331,5.39,5.890333333333333,3.896666666666667,22.567833333333333,28.9625
CAND_0283,37.84666666666667,32.772,33.786,30.9625,30.823500000000003,28.700666666666667,27.747,22.216833333333334,28.107666666666667,18.944333333333336,21.609,15.587166666666668,16.6365,21.721,26.191,26.75433333333333,24.64783333333333,6.913833333333333,12.059833333333334,2.7871666666666663,8.501166666666666,6.507666666666666,25.178833333333333,31.573500000000003
CAND_0284,38.81133333333333,33.736666666666665,34.75066666666667,33.348796801718464,31.788166666666665,29.665333333333333,28.76270935892661,24.868807312156683,29.188090815907447,20.72631678579785,22.573666666666668,16.551666666666666,20.458666666666662,22.68566666666667,27.155666666666665,27.719,25.61233333333333,14.18,13.0245,9.367333333333333,5.064666666666667,7.472333333333333,26.1435,31.549
CAND_0285,35.36466666666667,30.514442106003262,31.304,30.25873615284834,28.594445057235735,26.2185,25.790292295549012,21.86203634361144,26.111013595046355,17.759168260618946,19.127,13.105,17.011833333333335,19.239,23.709,24.272166666666667,22.165666666666667,10.488666666666669,9.577666666666666,6.649500000000001,5.149166666666667,4.025666666666667,22.696666666666665,29.09133333333333
CAND_0286,37.1645,32.08983333333334,33.103833333333334,30.892203716770588,30.14133333333333,28.01833333333333,27.064833333333336,22.51767369165493,27.42533333333333,18.42237548443605,20.92683333333333,14.904833333333332,18.811666666666667,21.038833333333333,25.50883333333333,26.072166666666664,23.9655,12.533166666666666,11.377666666666666,5.502,4.049333333333333,5.8255,24.4965,30.891166666666667
CAND_0287,36.82483333333333,31.750166666666665,32.76416666666667,29.963526180279462,29.801666666666662,27.678833333333333,26.725166666666667,21.59032540997018,27.085833333333333,17.92233333333333,20.58716666666667,14.565166666666666,18.472166666666663,20.699166666666667,25.16916666666667,25.7325,23.625833333333333,10.548,11.038,6.7090000000000005,5.339333333333333,5.485833333333333,24.157,30.551666666666662
CAND_0288,41.01716666666667,35.9425,36.9565,34.133,33.994,31.871,30.9175,25.387166666666666,31.278,22.11466666666667,24.7795,18.7575,19.85083333333333,24.8915,29.3615,29.924666666666667,27.818166666666663,10.128166666666669,15.230333333333334,3.1655,7.038333333333333,9.678166666666668,28.34916666666667,34.743833333333335
CAND_0289,35.580000000000005,30.505333333333333,31.519333333333336,29.59629585632457,28.556833333333334,26.434,25.48033333333333,21.249860667665363,25.841,17.171782422516493,19.34233333333333,13.3205,17.227333333333334,19.45433333333333,23.924333333333333,24.487666666666662,22.381166666666665,9.303333333333336,9.793166666666668,5.464166666666667,5.275666666666667,4.2410000000000005,22.912166666666668,29.306833333333334
CAND_0290,41.0615,35.986666666666665,37.00083333333334,34.17716666666667,34.03816666666667,31.915333333333333,30.961666666666662,25.431500000000003,31.322333333333333,22.159,24.823833333333333,18.80183333333333,17.735500000000002,24.93566666666667,29.405666666666665,29.969,27.8625,8.012833333333333,15.2745,6.838833333333333,12.288666666666668,9.715,28.3935,34.78816666666667
CAND_0291,38.10233333333333,33.02766666666667,34.041666666666664,31.218166666666665,31.079166666666666,28.956333333333337,28.002666666666663,22.4725,28.363333333333333,19.19983333333333,21.86466666666667,15.842833333333337,16.878,21.976666666666667,26.446666666666665,27.01,24.90333333333333,7.155333333333333,12.315499999999998,7.525499999999999,12.1175,6.2435,25.4345,31.829166666666666
CAND_0292,43.85116666666667,38.77633333333333,39.7905,36.96683333333333,36.82783333333334,34.705000000000005,33.751333333333335,28.221166666666665,34.112,24.948666666666668,27.6135,21.5915,20.525166666666667,27.72533333333333,32.19533333333333,32.75866666666666,30.65216666666667,10.8025,18.064166666666665,10.169166666666666,15.619,12.504666666666669,31.18316666666667,37.57783333333334
CAND_0293,37.193,32.11833333333333,33.132333333333335,30.30883333333333,30.169833333333333,28.047,27.09333333333333,21.563166666666667,27.454,18.290666666666667,20.95533333333333,14.9335,15.067166666666669,21.06733333333333,25.537333333333333,26.100666666666665,23.99416666666667,5.3445,11.406166666666667,5.666666666666667,10.878666666666668,5.3341666666666665,24.525166666666667,30.919833333333333
CAND_0294,37.040333333333336,31.965666666666667,32.97966666666667,30.156166666666664,30.017166666666665,27.894333333333336,26.94066666666667,21.410500000000003,27.30133333333333,18.138,20.802666666666667,14.780833333333334,16.180500000000002,20.91466666666667,25.384666666666664,25.948,23.84133333333333,6.704,11.2535,5.908333333333333,9.424166666666668,5.1815,24.3725,30.767166666666665
CAND_0295,36.7085,31.633666666666667,32.64783333333333,29.824166666666667,29.685166666666664,27.56233333333333,26.608833333333333,21.0785,26.96933333333333,17.805999999999997,20.47083333333333,14.448833333333331,15.294333333333332,20.582666666666668,25.052833333333336,25.616,23.5095,5.571666666666667,10.9215,5.815166666666667,10.931833333333334,4.849500000000001,24.0405,30.435166666666664
CAND_0296,37.27516666666667,32.2005,33.2145,30.391,30.252,28.129,27.1755,21.645166666666668,27.536,18.372666666666664,21.0375,15.0155,16.050833333333333,21.1495,25.6195,26.182666666666663,24.076166666666666,6.328166666666666,11.488166666666666,6.698333333333333,11.290333333333333,5.416166666666667,24.607166666666668,31.00183333333333
CAND_0297,35.747,30.67233333333333,31.6865,28.86283333333333,28.72383333333333,26.601,25.64733333333333,20.117166666666662,26.008,16.844666666666665,19.50933333333333,13.4875,14.887166666666667,19.62133333333333,24.09133333333333,24.654666666666667,22.548166666666667,5.410666666666667,9.960166666666668,6.774,10.3805,3.8881666666666654,23.079166666666666,29.47383333333333
CAND_0298,36.21366666666667,31.13883333333333,32.153,29.3295,29.1905,27.0675,26.114,20.583666666666662,26.4745,17.31116666666667,19.976,13.954,15.353666666666667,20.088,24.558,25.121166666666667,23.014666666666667,5.8773333333333335,10.426666666666668,6.712999999999999,10.228833333333334,4.354666666666666,23.545666666666666,29.94033333333333
CAND_0299,35.587,30.512166666666666,31.526333333333334,28.70283333333333,28.563666666666663,26.44083333333333,25.48733333333333,19.957,25.84783333333333,16.6845,19.34933333333333,13.327333333333334,13.728166666666668,19.461333333333336,23.93133333333333,24.4945,22.388,4.0055000000000005,9.8,8.411666666666667,11.743333333333334,5.251,22.919,29.313666666666663
CAND_0300,40.549166666666665,35.4745,36.4885,33.665,33.526,31.403,30.4495,24.91916666666667,30.81,21.646666666666665,24.3115,18.2895,17.223166666666668,24.4235,28.8935,29.456833333333336,27.350166666666667,7.5005,14.762166666666667,5.846166666666666,11.562666666666669,9.202666666666666,27.881166666666665,34.27583333333334
CAND_0301,37.084500000000006,32.00983333333333,33.023833333333336,30.200333333333333,30.061333333333334,27.938333333333333,26.98483333333333,21.4545,27.345333333333333,18.182,20.846833333333333,14.824833333333334,14.816666666666666,20.95883333333333,25.428833333333333,25.992166666666662,23.8855,5.093999999999999,11.2975,5.757666666666666,11.207333333333334,5.225499999999999,24.4165,30.81116666666667
CAND_0302,37.369166666666665,33.181723767881465,33.882426925385445,32.8939116243149,31.258162199515,28.223000000000003,28.461023440672566,24.528550013162835,28.754277547030686,20.43132581789702,21.27125917786431,15.597267460568137,19.01633333333333,21.2435,25.7135,26.27683333333333,24.170166666666667,12.737833333333333,11.582333333333334,6.6065,1.3113333333333337,6.030166666666667,24.701166666666666,31.09583333333333
CAND_0303,37.68066666666667,33.224241214024104,33.935420151429234,32.9629696783186,31.305292315882337,28.5345,28.49755910378225,24.572262482242216,28.81832815944706,20.46446414449978,21.443,15.615468364512,19.32783333333333,21.555,26.025,26.588166666666663,24.48166666666667,13.049333333333331,11.893666666666666,6.918,1.9525,6.341666666666667,25.012666666666668,31.08483333333333
CAND_0304,38.26866666666667,33.194,34.208,31.552291246769684,31.2455,29.1225,28.169,23.106324768177494,28.5295,19.36616666666667,22.031,16.009,19.916,22.143,26.613,27.17633333333333,25.069666666666667,13.637333333333334,12.481833333333332,8.472666666666667,5.262166666666667,6.929666666666666,25.60083333333333,31.99533333333333
CAND_0305,39.266666666666666,34.192,35.206,32.71200675808652,32.2435,30.12066666666667,29.167,24.39084268066911,29.52766666666667,20.364166666666662,23.029,17.006999999999998,20.914,23.141,27.611,28.174333333333333,26.067666666666664,12.812,13.479833333333334,6.532333333333333,2.808,7.927666666666667,26.59883333333333,32.924
CAND_0306,38.522333333333336,33.44766666666666,34.461666666666666,32.556001913643804,31.499166666666667,29.37633333333333,28.422666666666665,24.20552023782851,28.78333333333333,20.11548925458796,22.284666666666663,16.262833333333333,20.169666666666668,22.396666666666665,26.866666666666667,27.43,25.323500000000003,13.891,12.7355,6.9585,1.0,7.183333333333334,25.8545,32.24916666666667
CAND_0307,39.70616666666667,34.6315,35.6455,32.822,32.683,30.56,29.6065,24.174884797231783,29.967,20.80366666666667,23.4685,17.4465,21.3535,23.5805,28.0505,28.61383333333333,26.507166666666667,12.654166666666669,13.919333333333332,6.316166666666667,3.2475,8.367166666666666,27.03833333333333,33.3635
CAND_0308,37.31166666666666,32.36754558463147,33.251,32.078824584006526,30.443270198143438,28.1655,27.648190665593564,23.71424253237677,27.938741762662872,19.619606327286252,21.073833333333333,15.052,18.95883333333333,21.18583333333333,25.65583333333333,26.21916666666667,24.112666666666662,12.680166666666668,11.524666666666668,5.666166666666667,2.008833333333333,5.9725,24.643666666666665,31.03833333333333
CAND_0309,37.007,32.91555004179892,33.624139011061175,32.64857334594237,30.995391687134664,27.861,28.19050609641061,24.26317557429377,28.504762740988067,20.15831413342036,21.022961516731907,15.31416721138483,18.654333333333334,20.88133333333333,25.351333333333333,25.91466666666667,23.808,12.375666666666666,11.220166666666668,6.2443333333333335,1.812333333333333,5.668,24.339,30.733833333333333
CAND_0310,38.86,33.78516666666666,34.79933333333334,32.9259561244474,31.836666666666662,29.713833333333334,28.76033333333333,24.614488146532388,29.120833333333334,20.540121199985258,22.622333333333334,16.60033333333333,20.507166666666667,22.73433333333333,27.20433333333333,27.7675,25.661,12.414,13.073,5.8885,2.401333333333333,7.521,26.192,32.51733333333333
CAND_0311,39.99983333333333,34.925,35.939,33.115500000000004,32.9765,30.853666666666665,29.9,24.749597038815686,30.26066666666667,21.09733333333333,23.762,17.740166666666667,21.647,23.874,28.344,28.907333333333334,26.800833333333333,12.407166666666663,14.212833333333332,5.881833333333334,3.541,8.660666666666666,27.331833333333336,33.54633333333333
CAND_0312,37.00383333333333,32.07666554363559,32.94316666666666,31.84328232824334,30.161845624557166,27.85783333333333,27.345540829440857,23.42633170961271,27.692899889119058,19.310638266795642,20.766166666666667,14.744333333333334,18.651166666666665,20.87816666666667,25.348166666666668,25.9115,23.805,12.3725,11.217,7.207833333333334,3.9975,5.664833333333333,24.336,30.730666666666664
CAND_0313,38.136833333333335,33.06216666666667,34.076166666666666,31.82475158656477,31.113666666666667,28.990666666666662,28.037166666666668,23.39569138705195,28.397666666666662,19.27519702338192,21.899166666666662,15.877166666666666,19.784,22.011166666666668,26.481166666666663,27.044500000000003,24.937833333333334,13.5055,12.349833333333333,8.340833333333332,5.130333333333334,6.797833333333333,25.468833333333336,31.8635
CAND_0314,26.922166666666666,21.8475,22.8615,20.038,19.899,17.776,16.8225,11.292333333333334,17.183,8.019666666666668,10.684500000000002,1.7526666666666666,9.591833333333334,7.489999999999999,15.2665,15.829833333333331,11.433666666666666,13.237666666666666,6.495,18.287333333333333,17.259,10.998333333333331,12.8075,19.202166666666667
CAND_0315,28.088666666666665,23.014,24.028,21.2045,21.0655,18.942666666666664,17.988999999999997,12.458833333333333,18.3495,9.186166666666669,11.851,4.0841666666666665,7.87,11.324333333333334,16.433,16.996333333333332,14.889666666666669,12.204333333333333,5.461833333333333,17.254166666666666,16.225833333333334,9.965,16.589166666666667,22.983833333333333
CAND_0316,25.499,20.424333333333333,21.438333333333333,18.614833333333333,18.47583333333333,16.352999999999998,15.399333333333336,9.869166666666668,15.759833333333336,6.596500000000001,9.261333333333331,2.9855,9.308666666666666,8.899833333333333,13.843333333333334,14.406666666666666,12.3,12.983833333333331,6.241333333333333,18.033666666666665,17.005166666666664,10.7445,14.918333333333331,21.313
CAND_0317,25.58783333333333,20.513166666666667,21.52716666666667,18.703666666666667,18.564666666666668,16.44183333333333,15.488166666666666,9.958,15.848833333333332,6.6855,9.350166666666668,3.0743333333333336,9.3975,8.988833333333334,13.932166666666664,14.4955,12.389,13.072666666666668,6.330166666666667,18.1225,17.094,10.833333333333334,15.007166666666668,21.40183333333333
CAND_0318,27.03383333333333,21.959166666666665,22.973166666666668,20.14966666666667,20.01066666666667,17.887833333333333,16.934166666666666,11.404,17.294833333333333,8.131499999999999,10.306833333333334,5.6435,8.952833333333333,10.908166666666666,15.378166666666669,15.9415,13.835,14.1155,7.373,19.165333333333333,18.137,11.876166666666668,17.57633333333333,23.971
CAND_0319,27.092,22.017166666666665,23.031333333333336,20.207666666666668,20.068666666666665,17.945833333333333,16.99233333333333,11.462,17.352833333333333,8.1895,10.854333333333331,4.608833333333333,10.9015,8.9695,15.436333333333332,15.9995,13.893,14.576666666666666,7.834166666666666,19.6265,18.598166666666668,12.337333333333332,15.512833333333331,21.9075
CAND_0320,28.4595,23.384833333333333,24.398833333333336,21.575333333333333,21.436333333333334,19.313333333333333,18.35983333333333,12.8295,18.720333333333333,9.557,12.221833333333333,3.5325,9.18,10.0775,16.803833333333333,17.367166666666666,14.021166666666666,12.481,5.738666666666666,17.53083333333333,16.5025,10.241833333333334,12.609166666666663,19.003833333333333
CAND_0321,22.4335,17.062666666666665,18.076666666666664,17.436833333333333,15.114,12.361333333333333,12.037666666666668,8.691,14.091166666666668,3.9275,8.9065,9.324166666666668,13.562833333333334,3.1775,7.773833333333333,8.337166666666667,6.2305,17.711333333333336,10.968833333333333,22.761166666666668,21.732666666666667,15.472,11.623333333333331,18.018
CAND_0322,21.182,15.237833333333333,16.825166666666668,16.719,13.862666666666666,10.7785,10.786166666666666,10.2365,13.104,6.832166666666667,11.811,12.605,16.467333333333332,6.4585,5.582,6.145333333333334,6.855333333333333,20.61583333333333,13.873333333333331,25.665666666666667,24.637166666666666,18.3765,13.155333333333337,19.27716666666667
CAND_0323,39.58583333333333,33.464166666666664,36.6635,38.3525,34.896,37.24666666666667,33.511833333333335,39.3285,36.242666666666665,41.8855,43.8375,47.65833333333333,51.52066666666666,41.511833333333335,34.45433333333334,35.974666666666664,38.29333333333333,55.66916666666667,48.92666666666666,60.719,59.6905,53.429833333333335,44.59333333333333,48.966166666666666
CAND_0324,22.14016666666667,16.769333333333332,17.783333333333335,17.67716666666667,14.820833333333333,12.068,11.744333333333334,8.937999999999999,13.797833333333331,4.190333333333333,9.81,9.932833333333331,14.466166666666668,3.7861666666666665,8.0725,8.635666666666667,6.529166666666667,18.61466666666667,11.872166666666669,23.6645,22.636166666666668,16.375333333333334,12.232,18.626666666666665
CAND_0325,26.27433333333333,20.15266666666667,22.16433333333333,21.2345,19.201666666666664,16.261,16.125333333333334,12.488833333333334,18.178833333333333,7.725333333333333,12.704333333333333,11.388666666666667,17.360666666666667,3.1906666666666665,10.565666666666669,11.128833333333334,8.600333333333333,21.509,14.7665,26.55883333333333,25.5305,19.26966666666667,10.560166666666667,16.954833333333333
CAND_0326,15.728166666666668,10.352583807883422,12.805833333333334,14.859,12.711166666666664,8.304333333333334,9.186166666666669,11.792833333333334,12.619833333333334,12.890333333333333,16.074166666666667,18.66333333333333,22.525666666666663,12.516833333333333,6.2733333333333325,3.477333333333333,9.298333333333334,26.674,19.931500000000003,31.72383333333333,30.6955,24.434666666666665,15.598333333333333,21.72
CAND_0327,18.529166666666665,12.82382379476431,15.607,17.239166666666666,14.382833333333334,11.1055,11.3065,10.756666666666666,13.624333333333334,9.232,13.953166666666668,15.005,18.86733333333333,8.8585,2.7518333333333334,5.073833333333334,5.64,23.015833333333333,16.273333333333333,28.06566666666667,27.037166666666668,20.7765,11.94,18.061833333333333
CAND_0328,17.569166666666668,12.420331666668117,14.647,16.7,13.853333333333332,10.1455,10.776833333333334,10.227,13.0945,9.941166666666668,13.4235,15.714,19.57633333333333,9.5675,2.0543333333333336,4.113833333333334,6.638333333333334,23.724833333333333,16.982333333333333,28.77466666666667,27.746166666666667,21.4855,12.938333333333333,19.06
CAND_0329,20.023833333333336,13.902333333333331,16.909666666666666,16.8035,13.947166666666668,10.863,10.870666666666668,10.320833333333333,13.1885,8.269,13.247833333333334,14.041833333333331,17.904166666666665,7.895333333333334,4.2465,5.0845,5.708,22.052666666666667,15.310166666666667,27.102500000000003,26.074,19.813333333333333,12.008,18.12983333333333
CAND_0330,19.4985,13.413675056774853,16.576333333333334,18.237166666666667,15.380833333333332,12.074833333333334,12.3045,11.754666666666669,14.622166666666669,9.2545,14.2335,15.0275,18.889666666666667,8.880833333333333,3.721166666666667,6.043166666666666,5.662333333333334,23.038166666666665,16.295666666666666,28.088,27.0595,20.79883333333333,11.962333333333332,18.084166666666665
CAND_0331,20.024833333333333,13.903166666666667,15.714,15.607666666666669,12.751333333333331,9.667166666666668,9.674833333333334,9.125166666666669,11.992666666666668,8.844333333333333,12.321666666666664,14.858666666666666,18.721,8.712166666666667,4.2475,3.6368333333333336,6.9375,22.8695,16.126833333333334,27.91933333333333,26.890833333333333,20.630166666666664,13.2375,19.35933333333333
CAND_0332,1.0,8.426666666666668,6.808166666666667,8.349333333333332,12.2905,20.822166666666664,14.311166666666669,18.0535,14.121166666666666,23.346833333333333,22.100166666666667,28.742,31.5515,24.713666666666665,21.358833333333333,20.1995,24.383666666666667,35.65533333333334,28.91283333333333,40.70516666666666,39.676833333333335,33.416000000000004,30.683666666666667,36.8055
CAND_0333,10.4,5.098333333333333,6.043166666666666,5.598,3.6381666666666654,12.169666666666666,5.658833333333333,9.401166666666668,6.050166666666667,15.818166666666666,13.910166666666669,21.300666666666665,23.750333333333334,16.061333333333334,14.524833333333332,15.088,16.363833333333336,28.214166666666664,21.471666666666668,33.264,32.23566666666667,25.998614055735594,22.663833333333333,28.785666666666668
CAND_0334,19.743666666666662,13.622166666666669,16.8215,17.991833333333332,15.1355,12.051333333333334,12.059166666666666,11.509333333333332,14.376833333333334,9.186833333333334,14.165666666666668,14.959666666666667,18.822,8.813166666666666,3.966333333333333,6.273,5.907666666666667,22.9705,16.227999999999998,28.020333333333333,26.99183333333333,20.731166666666663,12.207666666666666,18.3295
CAND_0335,18.6415,12.52,15.482333333333337,15.376166666666668,12.519833333333334,9.435666666666666,9.443333333333332,8.893666666666666,11.761166666666666,8.607666666666667,12.09,14.380666666666666,18.242833333333333,8.234,3.3396729175597715,3.657166666666667,6.046666666666667,22.39133333333333,15.648833333333332,27.441166666666668,26.412666666666667,20.152,12.346666666666666,18.4685
CAND_0336,19.597666666666665,13.476,16.675333333333334,17.074,14.217666666666666,11.1335,11.141166666666669,10.5915,13.459,10.3005,13.787833333333332,16.0735,19.93583333333333,9.927,3.8201666666666654,5.355,6.7085,24.084166666666665,17.341666666666665,29.134,28.105666666666664,21.844833333333334,13.0085,19.130166666666664
CAND_0337,18.95583333333333,13.526833333333334,14.599166666666669,14.492833333333332,11.636500000000002,8.552333333333333,8.560166666666667,8.010333333333334,10.877833333333331,7.7295,11.206833333333332,14.482166666666666,18.3445,8.335666666666667,4.480275706166498,4.434333333333333,6.561166666666667,22.493,15.7505,27.54283333333333,26.514333333333333,20.253666666666668,12.861166666666666,18.98283333333333
CAND_0338,19.944333333333336,13.822833333333334,17.022166666666667,16.959500000000002,14.103166666666668,11.019,11.026833333333334,10.477,13.3445,8.683166666666667,13.662,14.456,18.31833333333333,8.3095,4.167,5.240666666666667,6.122166666666667,22.466833333333334,15.724333333333334,27.516666666666666,26.488166666666665,20.227500000000003,12.422166666666667,18.544
CAND_0339,8.8295,6.116166666666667,5.987166666666667,1.502,7.317666666666667,15.849166666666669,9.338333333333331,13.080666666666668,7.7695,18.10783333333333,16.86133333333333,23.503,26.312666666666665,19.74083333333333,18.20433333333333,17.23933333333333,20.043333333333333,30.4165,23.674,35.46633333333333,34.43783333333333,28.17716666666667,26.34333333333333,32.46516666666667
CAND_0340,19.8205,13.698833333333331,15.558666666666666,15.452333333333334,12.596,9.511833333333334,9.5195,8.969833333333334,11.837333333333332,8.689,12.166333333333334,14.703333333333337,18.56566666666667,8.556833333333334,4.043166666666667,3.415833333333333,6.773666666666667,22.714166666666664,15.971666666666666,27.764,26.7355,20.474833333333333,13.073666666666666,19.1955
CAND_0341,19.2505,13.128833333333334,16.328166666666668,16.616666666666667,13.760333333333334,10.676166666666669,10.683833333333332,10.134166666666664,13.001666666666669,8.8965,13.330666666666668,14.6695,18.53183333333333,8.523,3.473,4.897666666666667,6.335666666666667,22.680166666666665,15.937666666666669,27.73,26.701666666666664,20.44083333333333,12.635666666666667,18.75733333333333
CAND_0342,19.49866666666667,13.377,16.384333333333334,16.278166666666667,13.421833333333332,10.337666666666667,10.345333333333334,9.795666666666667,12.663166666666664,8.79,12.992166666666666,14.563,18.42533333333333,8.416500000000001,3.721166666666667,4.559166666666667,6.229,22.573666666666668,15.831166666666666,27.6235,26.595166666666668,20.334333333333333,12.529166666666669,18.65083333333333
CAND_0343,28.3795,22.408,24.022666666666662,23.093,21.060166666666664,18.3075,17.983666666666668,14.347333333333331,20.037166666666668,9.583833333333333,13.93,4.998333333333333,12.8375,4.3075,12.820833333333333,13.384166666666664,8.251166666666666,16.483166666666666,9.740666666666668,21.533,20.5045,14.243833333333331,9.624833333333331,16.0195
CAND_0344,29.5345,23.563,25.177833333333336,24.248,22.21516666666667,19.4625,19.138666666666666,15.502333333333333,21.19233333333333,10.738833333333334,15.085,6.153333333333333,13.9925,5.4625,13.975833333333332,14.539166666666668,9.406166666666667,16.715166666666665,9.9725,21.765,20.7365,14.475833333333332,10.553,16.947666666666667
CAND_0345,27.465666666666667,22.391,23.405,20.5815,20.4425,18.3195,17.366,11.835833333333332,17.726499999999998,8.563166666666666,11.228,4.586833333333333,6.577333333333333,11.34,15.81,16.37333333333333,14.266666666666667,10.528,3.7969415202089642,15.577833333333333,14.549333333333331,8.917121958951356,15.858333333333333,22.253
CAND_0346,32.097833333333334,25.976166666666664,28.459,27.026333333333334,25.4965,22.743666666666662,22.42,18.280666666666665,24.1715,14.02,17.672833333333333,8.488,15.139,8.743666666666666,16.51033333333333,17.820333333333334,10.0985,16.299166666666668,9.556666666666668,21.349,20.3205,14.059833333333334,7.545833333333333,13.940499999999998
CAND_0347,31.0435,25.968833333333336,26.98283333333333,24.159333333333333,24.020333333333333,21.8975,20.94383333333333,15.413666666666668,21.3045,12.141,14.805833333333334,5.621,12.272,10.3545,18.868,19.431166666666662,13.182333333333334,13.432166666666664,6.689666666666667,18.482000000000003,17.453500000000002,11.192833333333336,10.629666666666669,17.024333333333335
CAND_0348,20.246,14.124333333333334,17.323666666666668,19.376666666666665,17.229,12.822166666666668,13.704,15.6985,17.137666666666668,15.417833333333334,18.895,21.251666666666665,25.114,15.105166666666666,9.467,4.8501666666666665,12.492,29.2625,22.52,34.31233333333333,33.283833333333334,27.02316666666667,18.792,24.913666666666664
CAND_0349,19.782833333333333,13.661166666666666,16.860666666666667,16.880666666666666,14.0245,10.940166666666666,10.948,10.398166666666668,13.265833333333337,10.117333333333333,13.594666666666663,15.951333333333334,19.813666666666663,9.804833333333333,4.328333333333333,2.456833333333333,7.617500000000001,23.962,17.2195,29.01183333333333,27.9835,21.722666666666665,13.9175,20.039166666666667
CAND_0350,32.767833333333336,26.646166666666662,29.462333333333333,29.356,26.49983333333333,23.415666666666667,23.423333333333336,22.8735,25.74116666666667,18.60533333333333,23.584333333333333,16.979833333333332,23.63083333333333,14.070666666666666,17.180333333333333,18.534333333333333,10.3365,24.791,18.0485,29.84083333333333,28.8125,22.551666666666662,7.615333333333334,14.01
CAND_0351,29.541833333333333,23.420166666666667,26.23633333333333,26.130166666666664,23.273833333333336,20.189666666666668,20.197333333333333,19.647666666666662,22.51516666666667,15.387666666666666,19.355166666666666,10.170333333333334,16.82133333333333,10.425999999999998,13.954333333333333,15.3085,7.1105,17.9815,11.239,23.031333333333336,22.003,15.742166666666666,4.557833333333334,10.9525
CAND_0352,22.52683333333333,16.405333333333335,19.068,18.96183333333333,16.1055,13.021333333333333,13.029,12.479333333333331,15.346833333333333,8.879,13.857833333333334,12.511666666666668,18.514166666666664,7.453666666666667,6.939333333333334,7.981,4.658,22.662666666666667,15.920166666666669,27.7125,26.684,20.423333333333336,10.2645,16.659166666666668
CAND_0353,27.032,20.910500000000003,23.726666666666667,23.62033333333333,20.764,17.67983333333333,17.687666666666665,15.408833333333332,20.005333333333333,10.645333333333332,15.624166666666667,7.376499999999999,15.215666666666667,6.110666666666666,11.4445,12.798666666666666,6.1273333333333335,18.86133333333333,12.118833333333331,23.911166666666663,22.88266666666667,16.622,7.501,13.895666666666669
CAND_0354,23.235166666666665,17.1135,19.108166666666666,19.00183333333333,16.145666666666667,13.061333333333332,13.069166666666666,12.519333333333332,15.387,8.919,13.898,11.204166666666667,18.55433333333333,6.146166666666667,7.457833333333334,8.020999999999999,5.378333333333333,22.689,15.9465,27.73883333333333,26.71033333333333,20.449666666666666,9.672333333333334,16.067
CAND_0355,22.867666666666665,16.746166666666667,19.40883333333333,19.302666666666667,16.44633333333333,13.362166666666669,13.369833333333334,12.820166666666667,15.687666666666669,9.219833333333334,14.198666666666666,11.428833333333332,18.855,6.371,7.280166666666667,8.321833333333334,4.762833333333333,22.913666666666664,16.171166666666668,27.9635,26.935166666666664,20.674333333333333,9.002833333333333,15.3975
CAND_0356,22.837333333333333,16.715833333333332,19.5925,19.48633333333333,16.63,13.545833333333333,13.5535,13.003666666666668,15.871333333333332,9.2845,14.2635,12.264833333333334,18.919666666666668,7.206833333333334,7.249833333333333,8.5055,4.884,23.068166666666663,16.325666666666667,28.118,27.0895,20.82883333333333,9.124,15.518666666666666
CAND_0357,23.939,17.8175,19.812,19.70583333333333,16.8495,13.765333333333333,13.773,13.223333333333333,16.090833333333332,9.623,14.602,10.773666666666664,18.61283333333333,5.7156666666666665,8.161666666666667,8.725,5.899,22.2585,15.516,27.308333333333334,26.27983333333333,20.019166666666667,9.241833333333334,15.636500000000002
CAND_0358,23.990666666666662,17.869000000000003,19.863666666666667,19.75733333333333,16.901,13.816833333333332,13.824666666666667,13.274833333333332,16.142333333333333,9.487166666666669,14.466166666666668,11.959666666666667,19.1225,6.901666666666667,8.213333333333333,8.7765,6.133833333333333,23.27083333333333,16.528333333333332,28.320666666666668,27.29233333333333,21.0315,10.427833333333332,16.8225
CAND_0359,22.241333333333333,16.119666666666667,19.319166666666668,19.240166666666667,16.38383333333333,13.299666666666669,13.3075,12.757666666666667,15.625166666666669,8.688333333333333,13.667333333333334,12.961666666666668,18.323666666666668,7.903833333333334,6.653833333333334,8.259333333333334,4.372333333333333,22.472,15.7295,27.521833333333333,26.4935,20.232666666666667,9.820833333333333,16.2155
CAND_0360,26.491333333333333,21.85019863919719,23.569166666666668,25.622166666666665,22.7755,19.067666666666664,19.699,19.149166666666662,22.01683333333333,16.220666666666666,21.1995,21.9935,25.855833333333333,15.847,9.278368664606294,13.036,12.6285,30.00433333333333,23.26183333333333,35.05416666666667,34.025666666666666,27.765,18.9285,22.947166666666664
CAND_0361,22.90183333333333,16.780166666666666,19.65683333333333,19.550666666666665,16.694333333333333,13.610166666666666,13.617833333333332,13.068166666666666,15.935666666666666,9.348833333333332,14.327833333333333,12.329166666666667,18.984166666666667,7.271166666666667,7.314333333333334,8.569833333333333,4.948333333333333,23.1325,16.39,28.182333333333336,27.15383333333333,20.893166666666666,9.188333333333333,15.583
CAND_0362,36.251333333333335,30.12983333333333,33.20666666666667,33.1005,30.24416666666667,27.16,27.167666666666666,26.618,29.4855,22.358,27.33683333333333,24.601,31.252,21.175,18.549666666666667,22.27883333333333,14.080833333333334,32.412166666666664,25.669666666666668,37.462,34.687,30.172833333333333,15.659,14.3915
CAND_0363,31.53216666666667,25.410500000000003,28.226666666666667,28.1205,25.264166666666664,22.18,22.187666666666665,21.638,24.5055,17.369666666666667,22.348666666666663,15.744166666666668,22.395333333333333,12.835166666666668,15.944666666666668,17.29866666666667,9.100833333333332,23.555333333333333,16.813,28.605166666666666,27.576833333333333,21.316166666666668,5.170333333333334,7.834833333333333
CAND_0364,30.92083333333333,24.799166666666668,27.615333333333336,27.509166666666665,24.652833333333334,21.568666666666665,21.57633333333333,21.026666666666664,23.894166666666667,16.7585,21.73733333333333,15.132833333333334,21.784,12.223833333333332,15.333333333333334,16.6875,8.4895,22.944166666666668,16.201666666666668,27.994000000000003,26.9655,20.704833333333333,4.559166666666667,6.060833333333333
CAND_0365,29.776666666666664,23.655,26.471166666666665,26.365,23.508666666666667,20.4245,20.432166666666667,19.8825,22.75,15.614166666666668,20.593166666666665,13.988666666666669,20.63983333333333,11.079666666666666,14.189166666666669,15.543166666666668,7.345333333333333,21.8,15.0575,26.849833333333333,25.82133333333333,19.56066666666667,3.415,6.565333333333333
CAND_0366,30.730666666666664,24.609166666666667,27.42533333333333,27.319000000000003,24.46283333333333,21.3785,21.386333333333333,20.8365,23.704,16.568333333333335,21.54733333333333,14.942833333333336,21.593833333333336,12.033666666666669,15.143166666666668,16.497333333333334,8.299333333333333,22.754,16.0115,27.803833333333333,26.7755,20.514666666666667,4.369,5.795333333333334
CAND_0367,30.26683333333333,24.145166666666668,26.961333333333336,26.855166666666666,23.998833333333334,20.91466666666667,20.92233333333333,20.3725,23.240166666666667,16.104333333333333,21.08333333333333,14.478833333333334,21.13,11.569666666666668,14.679333333333334,16.033333333333335,7.8355,22.290000000000003,15.5475,27.33983333333333,26.3115,20.050833333333333,3.905,6.2335
CAND_0368,31.032833333333333,24.911166666666663,27.72733333333333,27.621166666666667,24.76483333333333,21.680666666666664,21.688333333333333,21.138666666666666,24.006166666666665,16.8705,21.84933333333333,15.245,21.896,12.335833333333332,15.445333333333334,16.799500000000002,8.6015,23.056166666666662,16.313666666666666,28.106,27.0775,20.81683333333333,4.671166666666666,5.089833333333333
CAND_0369,31.897666666666662,25.776,28.592166666666667,28.486,25.629666666666665,22.5455,22.553166666666662,22.0035,24.871,17.735333333333333,22.714166666666664,16.109833333333334,22.76083333333333,13.200666666666669,16.310166666666667,17.66433333333333,9.466333333333331,23.921,17.1785,28.97083333333333,27.94233333333333,21.68166666666667,5.5360000000000005,5.749333333333333
CAND_0370,30.75883333333333,24.63733333333333,27.4535,27.347166666666663,24.49083333333333,21.40666666666667,21.4145,20.86466666666667,23.732166666666668,16.5965,21.5755,14.971,21.622,12.061833333333334,15.171333333333331,16.5255,8.327499999999999,22.78216666666667,16.039666666666665,27.832,26.8035,20.54283333333333,4.397166666666666,6.241
CAND_0371,31.187,25.06533333333333,27.881500000000003,27.77533333333333,24.919,21.834666666666667,21.8425,21.292666666666666,24.16033333333333,17.0245,22.0035,15.399,22.050166666666662,12.489833333333332,15.5995,16.953500000000002,8.755666666666666,23.210166666666662,16.467666666666666,28.26,27.23166666666667,20.97083333333333,4.825166666666666,5.813166666666667
CAND_0372,31.1155,24.99383333333333,27.81,27.703666666666667,24.84733333333333,21.763166666666667,21.771,21.221166666666665,24.088666666666665,16.953,21.932,15.3275,21.9785,12.418333333333331,15.527833333333332,16.881999999999998,8.684,23.138666666666666,16.396166666666666,28.1885,27.16,20.89933333333333,4.753666666666667,5.1725
CAND_0373,30.731,24.6095,27.425666666666665,27.319333333333336,24.463,21.378833333333333,21.386666666666667,20.83683333333333,23.70433333333333,16.568666666666665,21.547666666666665,14.943166666666666,21.59416666666667,12.034,15.1435,16.497666666666667,8.299666666666667,22.75433333333333,16.011833333333335,27.804166666666667,26.775666666666663,20.515,4.3693333333333335,6.268833333333333
CAND_0374,31.165000000000003,25.043333333333333,27.8595,27.75333333333333,24.897,21.812833333333334,21.8205,21.270666666666667,24.13833333333333,17.0025,21.9815,15.377,22.028166666666667,12.468,15.5775,16.9315,8.733666666666666,23.188166666666667,16.445666666666668,28.238,27.209666666666667,20.949,4.803166666666667,6.252666666666667
CAND_0375,26.605666666666664,20.484,23.300166666666662,23.194000000000003,20.337666666666667,17.2535,17.261166666666668,16.594166666666666,19.579,11.830666666666668,16.80966666666667,11.486333333333333,19.325666666666667,7.296166666666666,11.018166666666668,12.372166666666669,4.174333333333333,21.005166666666664,14.262666666666666,26.055,25.0265,18.765833333333333,4.119833333333333,10.5145
CAND_0376,34.068,27.9465,30.762666666666668,30.656333333333336,27.8,24.71583333333333,24.723666666666663,24.17383333333333,27.04133333333333,19.905666666666665,24.8845,18.280166666666663,24.931166666666662,15.371,18.4805,19.834666666666667,11.636666666666668,26.09133333333333,19.34883333333333,31.141166666666667,30.112666666666662,23.852,7.706333333333333,4.740333333333334
CAND_0377,35.50566666666667,29.384,32.20016666666667,32.094,29.237666666666662,26.1535,26.161166666666663,25.61133333333333,28.479,21.351333333333333,26.33033333333333,20.764666666666667,27.415666666666667,17.8555,19.918166666666664,21.272166666666667,13.074333333333334,28.57583333333333,21.83333333333333,33.0095,28.707,26.3365,10.190833333333334,4.565
CAND_0378,24.662,19.587333333333333,20.601333333333333,17.777833333333334,17.63883333333333,15.516,14.562333333333331,9.032166666666663,14.922833333333331,5.7595,8.254,5.5755,10.194833333333332,8.536333333333333,13.006333333333334,13.569666666666668,11.463,12.506833333333333,6.957683721754097,17.55666666666667,17.40000209083175,12.082186902767006,16.982,23.376666666666665
CAND_0379,35.205333333333336,29.083666666666662,31.899833333333333,31.793666666666663,28.93733333333333,25.853166666666667,25.860833333333336,25.31116666666667,28.17866666666667,21.051,26.03,20.04133333333333,26.6925,17.132333333333335,19.617833333333333,20.971833333333333,12.774,27.852666666666668,21.11,32.9025,28.69033333333333,25.613333333333333,9.4675,4.547333333333333
CAND_0380,34.736666666666665,28.615,31.431166666666662,31.32483333333333,28.4685,25.38433333333333,25.392166666666665,24.84233333333333,27.70983333333333,20.574166666666667,25.553166666666662,18.948666666666668,25.599666666666668,16.0395,19.149,20.50316666666667,12.305333333333332,26.759833333333333,20.017333333333333,31.809666666666665,30.002666666666663,24.5205,8.374833333333333,4.419833333333333
CAND_0381,31.557333333333336,25.77110864048754,28.25183333333333,28.1455,25.28933333333333,22.205166666666667,22.21283333333333,21.663,24.530666666666665,17.403000000000002,22.382,19.646,26.297166666666666,16.220166666666668,15.969833333333334,17.323833333333333,9.126,27.45716666666667,20.71466666666667,32.507,30.77983333333333,25.21783333333333,10.704166666666667,9.436666666666667
CAND_0382,34.41583333333333,28.29416666666667,31.110333333333333,31.004166666666663,28.14783333333333,25.063666666666663,25.07133333333333,24.521666666666665,27.389166666666664,20.2615,25.2405,20.3425,26.9935,17.433333333333334,18.828333333333333,20.182333333333336,11.9845,28.153666666666663,21.411166666666663,33.2035,30.2125,25.91433333333333,9.768666666666666,5.813666666666666
CAND_0383,34.197,28.075333333333333,30.8915,30.78533333333333,27.929,24.844833333333334,24.852500000000003,24.302833333333336,27.17033333333333,20.042666666666666,25.021666666666665,20.2195,26.87066666666667,17.3105,18.6095,19.9635,11.765666666666668,28.030666666666665,21.288166666666665,33.0805,29.58483333333333,25.79133333333333,9.645666666666669,5.690666666666667
CAND_0384,38.03933333333334,32.964666666666666,33.97866666666667,31.155166666666663,31.016166666666667,28.89333333333333,27.939666666666668,22.648621125443572,28.30033333333333,19.13683333333333,21.801666666666662,15.779833333333332,19.686666666666667,21.913666666666664,26.383666666666667,26.947,24.8405,10.680833333333334,12.2525,3.505333333333333,4.0605,6.700333333333333,25.3715,31.766166666666667
CAND_0385,34.193666666666665,28.072166666666664,30.88833333333333,30.782,27.925666666666665,24.8415,24.84933333333333,24.2995,27.167,20.0395,25.0185,20.5085,27.1595,17.599333333333334,18.606166666666663,19.96033333333333,11.762333333333334,28.319666666666667,21.577166666666667,33.3695,30.21516666666667,26.08033333333333,9.934666666666669,5.979666666666666
CAND_0386,33.314166666666665,27.192666666666664,30.00883333333333,29.9025,27.046166666666668,23.962,23.96966666666667,23.42,26.2875,19.16,24.13883333333333,19.4435,26.09466666666667,16.5345,17.726666666666667,19.08083333333333,10.882833333333334,27.25483333333333,20.51233333333333,32.30466666666667,31.276166666666665,25.0155,8.869666666666665,6.4135
CAND_0387,33.93,27.808333333333334,30.6245,30.518166666666666,27.66183333333333,24.57766666666667,24.585500000000003,24.035666666666668,26.903166666666667,19.775666666666663,24.754666666666665,20.87183333333333,27.52283333333333,17.962666666666667,18.3425,19.6965,11.4985,28.683,21.9405,33.73283333333333,29.726666666666667,26.443666666666665,10.298,6.007833333333334
CAND_0388,33.125166666666665,27.0035,29.819666666666667,29.7135,26.857166666666668,23.773000000000003,23.780666666666665,23.231,26.0985,18.971,23.94983333333333,19.2545,25.905666666666665,16.345333333333333,17.537666666666667,18.89183333333333,10.693833333333334,27.06566666666667,20.32316666666667,32.115500000000004,31.08716666666667,24.82633333333333,8.680666666666667,6.224500000000001
CAND_0389,33.892833333333336,27.771166666666662,30.587333333333333,30.481166666666663,27.62483333333333,24.540666666666667,24.548333333333336,23.99866666666667,26.86616666666667,19.738666666666667,24.7175,20.834666666666667,27.485833333333336,17.925666666666665,18.305333333333333,19.6595,11.4615,28.646,21.9035,33.69583333333333,29.6895,26.40666666666667,10.261,5.970666666666667
CAND_0390,34.71675480642011,30.69886201697309,31.829936771868613,31.654317401713158,29.13502149071807,24.729333333333333,26.107979971133545,24.187166666666663,27.631009578485617,19.92716666666667,24.906166666666664,22.170166666666667,28.82133333333333,18.744333333333334,18.98366925081749,20.36499783906846,13.798188298235559,29.9815,23.239,28.901333333333334,24.598666666666663,26.86833333333333,13.228333333333332,9.122000000000002
CAND_0391,34.871833333333335,28.750166666666665,31.566333333333333,31.460166666666662,28.60383333333333,25.51966666666667,25.52733333333333,24.977666666666668,27.845166666666668,20.7175,25.6965,22.195833333333333,28.847,19.28683333333333,19.284333333333333,20.63833333333333,12.440499999999998,30.007166666666667,23.264666666666667,33.91416666666667,29.6115,27.76783333333333,11.622166666666669,6.860333333333333
CAND_0392,33.84066666666667,27.71916666666667,30.53533333333333,30.429,27.572666666666667,24.4885,24.49633333333333,23.9465,26.814,19.67833333333333,24.657333333333334,18.052833333333336,24.70383333333333,15.143666666666666,18.25316666666667,19.607333333333333,11.409333333333333,25.864,19.1215,30.913833333333333,29.806166666666662,23.624666666666663,7.479,3.7856666666666654
CAND_0393,33.105333333333334,26.983666666666668,29.79983333333333,29.693666666666665,26.837333333333333,23.75316666666667,23.76083333333333,23.211166666666667,26.078666666666667,18.951,23.93,19.234666666666666,25.88583333333333,16.325499999999998,17.517833333333332,18.87183333333333,10.674,27.04583333333333,20.30333333333333,32.095666666666666,31.06733333333333,24.806500000000003,8.660833333333333,6.204666666666666
CAND_0394,34.56733333333333,28.445666666666668,31.26183333333333,31.155666666666665,28.299333333333333,25.21516666666667,25.22283333333333,24.673166666666667,27.540666666666667,20.413166666666665,25.392,20.353166666666667,27.00433333333333,17.444000000000003,18.97983333333333,20.334,12.136,28.16433333333333,21.42183333333333,33.214166666666664,30.8825,25.925,9.779333333333334,6.322333333333333
CAND_0395,30.418333333333333,25.11403141454394,27.11283333333333,27.006666666666668,24.15033333333333,21.066166666666668,21.073833333333333,20.524166666666662,23.391666666666666,16.264,21.243,18.507166666666667,25.158166666666663,15.081166666666666,14.830833333333334,16.184833333333334,8.146239422931124,26.31833333333333,19.57583333333333,31.368166666666664,29.485666666666667,24.079,8.413,6.433666666666666
CAND_0396,32.3605,26.239,29.055166666666665,28.948833333333333,26.0925,23.008333333333333,23.016166666666667,22.46633333333333,25.33383333333333,18.206333333333337,23.18533333333333,18.044666666666668,24.695833333333333,15.135666666666667,16.773,18.127166666666668,9.929166666666667,25.855833333333333,19.1135,30.905666666666665,29.877333333333336,23.616666666666667,7.470833333333333,5.014666666666667
CAND_0397,16.404999999999998,11.034166666666666,12.048166666666669,11.942,9.085666666666668,6.333,6.009166666666667,4.524333333333333,8.327,8.991833333333334,8.7675,14.632,17.4415,9.9925,8.606666666666666,9.17,10.445833333333333,21.54533333333333,14.802833333333332,26.595166666666668,25.56683333333333,19.306,16.745833333333334,22.867666666666665
CAND_0398,36.11666666666667,29.995,32.811166666666665,32.70483333333333,29.848666666666663,26.764333333333333,26.772166666666667,26.22233333333333,29.09,21.962333333333333,26.941333333333333,20.346666666666668,26.997666666666664,17.4375,20.529,21.883166666666668,13.685166666666667,28.157833333333333,21.415333333333333,33.20766666666667,29.317833333333333,25.9185,9.772833333333333,4.852666666666667
CAND_0399,35.01083333333334,28.889166666666664,31.70533333333333,31.59916666666667,28.742833333333333,25.658666666666665,25.66633333333333,25.116666666666667,27.984166666666667,20.8485,25.82733333333333,19.223000000000003,25.874,16.313833333333335,19.423333333333336,20.7775,12.5795,27.034166666666668,20.291666666666668,32.084,31.0555,24.794833333333333,9.8585,16.25316666666667
CAND_0400,31.264666666666667,27.17264028930931,28.336057648266586,28.250799199637427,25.657227538373643,21.9125,22.63868608050637,21.3705,24.291282180289617,17.110500000000002,22.08933333333333,19.3535,26.0045,15.9275,15.677166666666666,17.031333333333333,10.183940752289555,27.16466666666667,20.422166666666666,32.2145,27.94333333333333,24.92533333333333,10.4115,7.808666666666666
CAND_0401,31.333166666666667,26.822106512346526,28.027833333333334,27.9215,25.301146147566783,21.981,22.28154188335388,21.439,24.306500000000003,17.179,22.157833333333333,19.422,26.073,15.996,15.745666666666668,17.099833333333333,9.848324496792749,27.233166666666666,20.490666666666662,32.283,28.01183333333333,24.99383333333333,10.48,8.712
CAND_0402,33.63183333333333,27.510166666666667,30.32633333333333,30.220166666666668,27.36383333333333,24.279666666666667,24.287333333333333,23.737666666666662,26.605166666666666,19.477666666666668,24.4565,21.30816666666667,27.959166666666665,18.294666666666668,18.04433333333333,19.3985,11.2005,29.119333333333334,22.37683333333333,33.994,29.691333333333333,26.88,10.734333333333332,5.9725
CAND_0403,32.031,26.745081081318798,28.725666666666665,28.619333333333334,25.763,22.678833333333333,22.686666666666667,22.13683333333333,25.00433333333333,17.87683333333333,22.855833333333333,20.119833333333336,26.771,16.693833333333334,16.4435,17.797666666666665,9.791253597871314,27.931,21.1885,32.98083333333333,28.709666666666667,25.691666666666663,11.177833333333332,9.409833333333331
CAND_0404,31.60233333333333,26.85911015864658,28.29683333333333,28.19066666666667,25.334333333333333,22.250166666666665,22.311814751555943,21.708,24.575666666666667,17.448,22.427,19.691,26.342166666666667,16.265166666666666,16.014833333333332,17.368833333333335,9.898068820037428,27.502333333333336,20.759833333333333,32.55216666666667,28.28083333333333,25.263,10.749166666666667,8.734833333333334
CAND_0405,31.92033333333333,26.923015200166738,28.615,28.508666666666667,25.65233333333333,22.568166666666663,22.576,22.026166666666665,24.893666666666665,17.766166666666667,22.745166666666663,20.009166666666665,26.660166666666665,16.583166666666667,16.332833333333333,17.687,9.980123099166441,27.82033333333333,21.07783333333333,32.87016666666667,28.599,25.581,11.067166666666669,8.454166666666667
CAND_0406,35.39966666666667,29.278,32.094166666666666,31.988,29.131666666666668,26.0475,26.055166666666665,25.505333333333333,28.373,21.237166666666667,26.216166666666663,19.611666666666668,26.262833333333333,16.7025,19.812166666666663,21.166166666666665,12.968333333333334,27.422833333333333,20.680333333333333,32.47266666666666,31.444333333333336,25.1835,9.037833333333332,1.1111666666666666
CAND_0407,27.98,21.85833333333333,24.6745,24.56833333333333,21.712,18.62783333333333,18.6355,18.08566666666667,20.953333333333333,13.825666666666669,18.804666666666662,14.866333333333332,21.5175,12.005166666666666,12.3925,13.7465,5.548666666666667,22.677666666666667,15.935166666666667,27.727500000000003,26.699,20.438333333333333,5.9245,12.319166666666666
CAND_0408,24.45433333333333,18.332666666666668,21.148833333333336,21.042666666666666,18.186333333333334,15.102166666666667,15.109833333333334,14.560166666666667,17.427666666666667,10.300166666666666,15.279,14.026666666666667,19.93533333333333,9.836333333333332,8.866833333333334,10.221,2.023,23.828,17.085500000000003,28.87783333333333,27.84933333333333,21.588666666666665,6.942666666666667,13.064333333333334
CAND_0409,26.231,20.53757142646565,22.925666666666665,22.819333333333336,19.963,16.878833333333333,16.8865,16.336833333333335,19.20433333333333,12.076833333333331,17.055666666666667,14.446666666666664,21.712,10.256333333333334,10.6435,11.997666666666667,3.7996666666666665,23.5165,16.774,28.566333333333333,27.53783333333333,21.27716666666667,6.631166666666667,13.025833333333331
CAND_0410,26.3615,20.239833333333333,23.056,22.949666666666666,20.0935,17.009166666666665,17.017,16.467166666666667,19.33483333333333,12.207166666666666,17.18616666666667,12.270666666666669,20.10983333333333,8.080499999999999,10.774,12.127999999999998,5.456666666666666,23.755666666666663,17.013166666666667,28.8055,27.777,21.51633333333333,8.461166666666667,14.855833333333331
CAND_0411,26.65183333333333,20.530166666666663,23.34633333333333,23.240166666666667,20.38383333333333,17.299666666666667,17.307333333333336,16.75766666666667,19.625166666666665,12.497666666666667,17.476499999999998,14.8675,21.68316666666667,10.677166666666666,11.064333333333334,12.4185,4.2205,22.843166666666665,16.100666666666665,27.893,26.86466666666667,20.604,6.090166666666667,12.484833333333334
CAND_0412,25.86883333333333,19.747166666666665,22.563333333333333,22.45716666666667,19.60083333333333,16.5165,16.524333333333335,13.971666666666666,18.842166666666667,9.208166666666669,14.187,8.577833333333333,16.416999999999998,4.673500000000001,10.281333333333333,11.635333333333334,4.964,20.062666666666665,13.320166666666667,25.1125,24.084166666666665,17.823333333333334,6.337666666666666,12.732333333333337
CAND_0413,26.983833333333333,20.862166666666667,23.006166666666665,22.0765,20.043666666666663,17.290833333333335,16.967166666666667,13.330666666666668,19.020666666666667,8.567166666666667,13.546166666666666,8.267999999999999,16.107166666666664,4.032666666666667,11.396333333333333,12.3675,6.481,19.75283333333333,13.010333333333334,24.802666666666667,23.774166666666662,17.5135,7.854833333333334,14.2495
CAND_0414,26.044666666666668,19.923,22.739166666666662,22.38533333333333,19.776666666666664,16.6925,16.700166666666668,13.639666666666669,19.018,8.876166666666668,13.855,8.981666666666666,16.820833333333333,4.3415,10.457166666666666,11.811166666666669,5.139833333333333,20.4665,13.724,25.51633333333333,24.488,18.22716666666667,6.5136666666666665,12.908166666666666
CAND_0415,15.984166666666663,10.613333333333332,11.627333333333333,11.521166666666666,8.664833333333332,6.393,5.588333333333334,5.574,7.906166666666667,10.041333333333334,9.817166666666669,15.6815,18.49116666666667,10.2845,8.748,9.311166666666669,10.587,22.595,15.8525,27.64483333333333,26.616333333333333,20.355666666666664,16.887166666666666,23.00883333333333
CAND_0416,26.6045,20.48283333333333,23.299,23.192666666666664,20.3365,17.252333333333336,17.259999999999998,14.5105,19.57783333333333,9.747000000000002,14.725833333333332,9.5415,17.380666666666666,5.2123333333333335,11.017,12.2445,5.699666666666667,21.026333333333334,14.283833333333332,26.076166666666666,25.047666666666665,18.787,7.073333333333333,13.468
CAND_0417,30.546666666666667,24.425,27.24116666666667,27.135,24.278666666666663,21.1945,21.202166666666667,20.6525,23.52,16.384166666666665,21.363166666666665,14.758666666666668,21.40983333333333,11.849666666666668,14.959166666666668,16.313166666666667,8.115333333333334,22.57,15.8275,27.619833333333336,26.59133333333333,20.330666666666666,4.185,6.513333333333334
CAND_0418,26.125166666666665,20.0035,22.819666666666667,22.71333333333333,19.857166666666668,16.772833333333335,16.78066666666667,14.031166666666667,19.0985,9.267666666666663,14.2465,9.062166666666666,16.901333333333334,4.7330000000000005,10.537666666666668,11.891666666666667,5.2203333333333335,20.547,13.8045,25.596833333333333,24.56833333333333,18.307666666666663,6.593999999999999,12.988666666666669
CAND_0419,26.29383333333333,20.172166666666666,22.769333333333336,21.8395,19.806833333333334,16.788166666666665,16.730333333333334,13.093833333333333,18.78383333333333,8.330333333333334,13.309333333333331,8.853666666666667,16.692833333333333,3.795666666666667,10.706333333333331,11.747833333333334,5.5105,20.3385,13.596,25.38833333333333,24.35983333333333,18.09916666666667,6.884166666666667,13.278833333333331
CAND_0420,26.7065,20.58483333333333,23.401,23.294833333333333,20.4385,17.354333333333333,17.362000000000002,16.56083333333333,19.67983333333333,11.797333333333334,16.776333333333334,11.017666666666663,18.85683333333333,7.262666666666666,11.119,12.473,5.801666666666667,21.81883333333333,15.076333333333334,26.868666666666662,25.840333333333334,19.5795,5.907666666666667,12.302333333333332
CAND_0421,25.717166666666667,19.5955,22.258333333333333,21.970166666666668,19.295666666666666,16.2115,16.21933333333333,13.2245,18.537,8.461,13.439833333333333,8.984166666666665,16.823333333333334,3.9263333333333335,10.129666666666669,11.171166666666666,6.078666666666667,20.469,13.7265,25.518833333333337,24.4905,18.22983333333333,7.452333333333333,13.847
CAND_0422,26.470333333333333,20.348666666666663,23.16483333333333,23.058666666666667,20.20233333333333,17.118,17.125833333333333,14.376333333333331,19.443666666666665,9.612833333333333,14.591833333333334,9.407333333333334,17.2465,5.078166666666666,10.882833333333334,12.1105,5.5655,20.892166666666665,14.149666666666668,25.942,24.9135,18.652833333333334,6.939166666666667,13.333833333333333
CAND_0423,25.18533333333333,19.063666666666663,21.88,21.773666666666667,18.91733333333333,15.833166666666669,15.840833333333334,15.039833333333332,18.158666666666665,10.276333333333334,15.255166666666666,9.932,17.771166666666666,5.741666666666666,9.597833333333334,10.952,4.2805,21.416833333333333,14.674333333333331,26.466666666666665,25.438166666666667,19.1775,5.375333333333333,11.77
CAND_0424,26.26633333333333,20.14483333333333,22.833166666666667,21.9035,19.87066666666667,16.799666666666667,16.794166666666666,13.157833333333334,18.847666666666665,8.394333333333334,13.373166666666666,8.917499999999999,16.756666666666668,3.859666666666667,10.678833333333332,11.759333333333332,5.361666666666666,20.4025,13.659833333333331,25.45233333333333,24.42383333333333,18.163166666666665,6.735333333333333,13.13
CAND_0425,15.329166666666667,9.958333333333334,10.972333333333331,9.9815,8.009833333333333,11.579833333333331,6.503333333333333,4.697166666666666,3.0895,11.914166666666668,9.918666666666669,17.309166666666666,19.75883333333333,14.6615,13.934833333333334,14.498166666666666,15.774,24.222666666666665,17.480166666666666,29.2725,28.244000000000003,21.98333333333333,22.074,28.195833333333333
CAND_0426,20.0655,13.943833333333334,17.14333333333333,19.0875,16.231166666666667,12.641833333333333,13.154833333333332,12.605,15.4725,10.3355,15.314333333333334,16.108333333333334,19.970666666666663,9.961833333333336,2.3875,6.610166666666667,6.743333333333334,24.11916666666667,17.376666666666665,29.169,28.1405,21.87983333333333,13.043333333333331,19.165166666666668
CAND_0427,25.3595,19.73253971571693,22.054166666666667,21.94783333333333,19.0915,16.007333333333335,16.015166666666666,15.465333333333332,18.332833333333333,11.205333333333334,16.18433333333333,13.575166666666666,20.8405,9.384833333333336,9.772,11.126166666666668,2.928166666666667,22.645,15.9025,27.69483333333333,26.66633333333333,20.405666666666665,5.759666666666666,12.154333333333334
CAND_0428,20.525166666666667,14.4035,17.603,17.8055,14.949166666666668,11.865,11.872666666666667,11.322833333333334,14.190499999999998,7.435,12.414,13.208,17.070333333333334,7.0615,5.929833333333334,6.732833333333334,5.7435,21.218666666666664,14.476166666666668,26.2685,25.240166666666667,18.979333333333333,12.043666666666669,18.165333333333333
CAND_0429,38.64483333333333,33.57,34.58416666666667,31.7605,31.6215,29.49866666666667,28.545,23.01483333333333,28.905666666666665,19.74233333333333,22.40716666666667,16.385166666666667,17.743833333333335,22.519,26.989,27.552333333333333,25.445833333333333,8.021166666666666,12.857833333333334,1.3341666666666667,7.226833333333333,7.305666666666666,25.97683333333333,32.3715
CAND_0430,40.280166666666666,35.205333333333336,36.2195,33.395833333333336,33.25683333333333,31.134,30.180333333333333,24.650166666666667,30.541,21.377666666666663,24.0425,18.0205,20.537666666666667,24.154333333333334,28.624333333333333,29.187666666666665,27.081166666666665,10.815,14.493166666666667,4.2895,5.142166666666666,8.941,27.612166666666667,34.00683333333333
CAND_0431,39.81166666666666,34.736999999999995,35.751,32.9275,32.7885,30.665666666666667,29.712,24.181833333333334,30.0725,20.909166666666668,23.574,17.552,19.013166666666667,23.686,28.156,28.71933333333333,26.612666666666662,9.2905,14.024833333333332,2.1148333333333333,5.832833333333334,8.472666666666667,27.143833333333337,33.5385
CAND_0432,40.19883333333333,35.12416666666666,36.13816666666666,33.31466666666667,33.175666666666665,31.052833333333336,30.09916666666667,24.569000000000003,30.45983333333333,21.2965,23.961166666666667,17.93933333333333,18.437833333333334,24.07316666666667,28.543166666666664,29.1065,27.0,8.715166666666667,14.412,2.3393333333333337,8.0245,8.859833333333334,27.531,33.925666666666665
CAND_0433,36.2755,31.20083333333333,32.21483333333334,29.39133333333333,29.252333333333336,27.1295,26.175833333333333,20.952921440237542,26.5365,17.373,20.03783333333333,14.016,17.544833333333333,20.149833333333333,24.619833333333336,25.18316666666667,23.0765,7.822166666666666,10.488666666666669,3.795833333333333,6.930000000000001,4.9365,23.607666666666667,30.002333333333336
CAND_0434,31.881166666666665,26.643833333333337,27.658,24.99683333333333,24.69533333333333,22.735,21.619000000000003,16.08866666666667,21.9795,12.978666666666667,12.223666666666666,8.562999999999999,3.1348333333333334,15.755333333333336,20.2255,20.788666666666664,18.682166666666667,9.503666666666668,7.1875,16.403166666666667,17.95133333333333,11.690666666666669,18.968,25.362666666666662
CAND_0435,37.44766666666667,32.373000000000005,33.387,30.81148029948555,30.4245,28.301666666666662,27.348000000000003,22.43488614423298,27.708666666666662,18.545166666666667,21.21,15.188166666666666,19.095,21.322,25.792,26.35533333333333,24.248833333333334,12.816333333333334,11.660833333333333,6.008,4.5553333333333335,6.108666666666666,24.77983333333333,31.1745
CAND_0436,40.57666666666667,35.50183333333334,36.516,33.69233333333333,33.553333333333335,31.4305,30.47683333333333,24.946666666666665,30.8375,21.674166666666668,24.338833333333334,18.317,20.795666666666666,24.45083333333333,28.921,29.484166666666667,27.377666666666663,11.073,14.789666666666667,4.5475,4.845666666666667,9.2375,27.908666666666665,33.998666666666665
CAND_0437,36.85333333333333,31.778666666666663,32.79266666666667,29.96916666666667,29.830166666666667,27.70733333333333,26.753666666666668,21.2235,27.114166666666662,17.950833333333332,20.615666666666662,14.593833333333333,17.665166666666668,20.727666666666668,25.197666666666667,25.761000000000003,23.654333333333334,7.9425,11.0665,4.005833333333333,7.449166666666667,5.514333333333334,24.1855,30.580166666666667
CAND_0438,38.622166666666665,33.547333333333334,34.5615,31.738,31.59883333333333,29.476,28.5225,22.992166666666662,28.883,19.71966666666667,22.3845,16.3625,16.861,22.49633333333333,26.9665,27.529666666666667,25.423166666666667,7.138333333333334,12.835166666666668,2.845333333333333,8.823333333333332,7.283,25.954166666666666,32.34883333333333
CAND_0439,37.5825,32.50783333333333,33.52183333333333,30.69833333333333,30.55933333333333,28.436333333333334,27.48283333333333,21.9525,27.84333333333333,18.68,21.344833333333334,15.322833333333334,18.85183333333333,21.456833333333336,25.92683333333333,26.490166666666667,24.3835,9.129166666666666,11.7955,2.709166666666667,5.819999999999999,6.2435,24.9145,31.309166666666663
CAND_0440,39.16766666666667,34.09283333333333,35.107,32.2835,32.1445,30.0215,29.068,23.537666666666667,29.4285,20.26516666666667,22.93,16.908,17.4065,23.042,27.512,28.075166666666668,25.968666666666664,7.683833333333333,13.380666666666666,1.3081666666666665,7.286166666666667,7.828666666666667,26.499666666666663,32.894333333333336
CAND_0441,40.1315,35.05683333333333,36.07083333333333,33.24733333333333,33.108333333333334,30.9855,30.03183333333333,24.501666666666665,30.3925,21.229,23.893833333333337,17.87183333333333,19.765666666666668,24.00583333333333,28.47583333333333,29.039166666666667,26.9325,10.043,14.344666666666663,3.5175,5.8886666666666665,8.792499999999999,27.463666666666665,33.858333333333334
CAND_0442,37.97083333333333,32.896,33.91,31.0865,30.9475,28.824666666666666,27.871,22.34083333333333,28.23166666666667,19.06833333333333,21.733,15.711166666666664,18.498833333333334,21.845,26.315,26.87833333333333,24.771833333333333,8.776166666666667,12.183833333333332,2.0195,6.087000000000001,6.631666666666666,25.302833333333336,31.6975
CAND_0443,37.29816666666667,32.223333333333336,33.2375,30.413833333333333,30.274833333333333,28.152,27.198500000000003,21.668166666666664,27.559,18.395666666666667,21.0605,15.0385,16.938666666666666,21.17233333333333,25.6425,26.205666666666666,24.09916666666667,7.215999999999999,11.511166666666666,3.384333333333333,7.893833333333333,5.9590000000000005,24.630166666666664,31.024833333333333
CAND_0444,39.850166666666674,34.7755,35.7895,32.966,32.827,30.704166666666666,29.7505,24.220333333333333,30.11116666666667,20.94783333333333,23.6125,17.590666666666667,20.10783333333333,23.7245,28.1945,28.75783333333333,26.651333333333334,10.385166666666668,14.063333333333333,3.859666666666667,5.6475,8.511166666666666,27.182333333333336,33.577
CAND_0445,36.5805,31.505666666666663,32.51983333333333,29.696166666666667,29.557166666666667,27.43433333333333,26.480666666666664,20.9505,26.84133333333333,17.678,20.342666666666663,14.320833333333333,17.482000000000003,20.454666666666665,24.924666666666667,25.488,23.381500000000003,7.759333333333333,10.7935,3.732833333333333,7.176166666666666,5.241333333333333,23.9125,30.307166666666667
CAND_0446,37.884,32.809333333333335,33.8235,30.99983333333333,30.860833333333336,28.738,27.784333333333333,22.254166666666663,28.145,18.98166666666667,21.64633333333333,15.6245,16.861666666666668,21.758333333333333,26.22833333333333,26.791666666666668,24.685166666666664,7.138999999999999,12.097166666666668,2.032,7.915333333333334,6.545,25.216166666666663,31.610833333333336
CAND_0447,38.00633333333334,32.931666666666665,33.94566666666667,31.122166666666665,30.983166666666666,28.860333333333333,27.90666666666667,22.3765,28.267333333333333,19.10383333333333,21.768666666666665,15.746666666666666,18.81433333333333,21.880666666666663,26.350666666666665,26.914,24.807333333333336,9.091666666666669,12.2195,2.8891666666666667,7.011333333333334,6.667333333333334,25.3385,31.733166666666666
CAND_0448,38.06633333333333,32.9915,34.00566666666666,31.182,31.043,28.920166666666667,27.9665,22.436333333333334,28.327166666666667,19.163833333333333,21.8285,15.806666666666668,17.862000000000002,21.9405,26.410666666666668,26.97383333333333,24.86733333333333,8.139333333333333,12.279333333333334,1.3826666666666665,6.428833333333333,6.727166666666666,25.398333333333333,31.793
CAND_0449,31.711666666666662,26.637,27.651,24.8275,24.6885,22.56566666666667,21.612,16.081833333333332,21.972666666666665,12.809333333333331,15.301333333333334,9.452166666666669,7.504833333333334,15.586,20.056,20.619333333333334,18.512833333333333,5.436333333333334,5.851666666666668,12.335833333333332,15.542333333333334,9.281666666666666,18.970666666666663,25.365333333333336
CAND_0450,28.882,23.807333333333336,24.82133333333333,21.99783333333333,21.858833333333333,19.736,18.782333333333334,13.252166666666666,19.143,9.979666666666668,12.644333333333332,5.316999999999999,9.8415,11.725666666666664,17.226333333333333,17.78966666666667,14.553666666666668,10.866166666666668,4.123666666666667,15.916,14.8875,8.626833333333334,12.001,18.395666666666667
CAND_0451,28.03666666666667,22.962,23.976,21.1525,21.0135,18.8905,17.937,12.406833333333331,18.2975,9.134166666666664,11.799,2.484833333333333,8.803500000000001,9.725,16.381,16.944333333333333,13.668666666666669,12.330833333333334,5.588333333333334,17.380666666666666,16.352333333333334,10.0915,12.824333333333334,19.219
CAND_0452,29.1715,24.096833333333333,25.110833333333336,22.287333333333333,22.148333333333333,20.02533333333333,19.07183333333333,13.5415,19.432333333333336,10.269,12.933833333333332,5.411666666666666,9.892166666666666,12.519166666666669,17.515833333333333,18.079166666666666,15.9725,13.419333333333332,6.676833333333334,18.46916666666667,17.440833333333334,11.18,14.5005,20.895166666666668
CAND_0453,25.54866666666667,20.474,21.488,18.6645,18.5255,16.4025,15.449000000000002,9.918666666666669,15.809500000000002,6.646166666666667,9.311,3.035,9.358166666666667,8.9495,13.893,14.456166666666666,12.349666666666668,13.033333333333331,6.2908333333333335,18.083166666666667,17.05483333333333,10.794,14.968,21.362666666666662
CAND_0454,31.284166666666668,26.2095,27.2235,25.653935741444403,24.261000000000003,22.138,21.1845,17.242059952100714,21.545,13.151336905985875,15.0465,9.0245,12.931333333333331,15.1585,19.6285,20.19183333333333,18.085166666666662,5.826333333333333,5.497166666666667,10.232,9.203666666666669,2.942833333333333,18.61616666666667,25.01083333333333
CAND_0455,30.865666666666662,25.791,26.805166666666665,24.80545453454188,23.8425,21.71966666666667,20.766,16.378123403947665,21.126666666666665,12.284464478490515,14.627999999999998,8.606166666666667,12.513,14.74,19.21,19.773333333333333,17.666833333333333,7.238333333333333,5.078833333333334,10.466833333333334,9.438333333333333,3.177666666666666,18.19783333333333,24.5925
CAND_0456,31.628,26.553166666666662,27.56733333333333,25.003039455233704,24.604666666666667,22.48183333333333,21.52833333333333,16.634582585616087,21.88883333333333,12.7255,15.390333333333333,9.368333333333334,13.275166666666667,15.502166666666666,19.97233333333333,20.535500000000003,18.429,6.158166666666667,5.840999999999999,10.751,9.722666666666669,3.4618333333333333,18.96,25.354666666666667
CAND_0457,30.955166666666667,25.8805,26.8945,24.965917092730372,23.932,21.809166666666663,20.8555,16.55298298286332,21.216166666666663,12.46572954531032,14.7175,8.695666666666666,12.6025,14.8295,19.2995,19.86283333333333,17.756333333333334,6.775333333333333,5.168333333333334,10.556333333333331,9.527833333333332,3.2671666666666668,18.287333333333333,24.682
CAND_0458,32.256166666666665,27.18133333333333,28.1955,25.80795388678308,25.23283333333333,23.11,22.1565,17.41692944202771,22.517,13.353666666666667,16.018333333333334,9.9965,13.903333333333334,16.130333333333333,20.6005,21.163666666666664,19.057166666666667,6.4775,6.469166666666666,10.307833333333331,9.2795,3.018666666666667,19.588166666666663,25.98283333333333
CAND_0459,32.684333333333335,27.6095,28.62366666666667,25.800166666666662,25.661166666666663,23.538166666666665,22.584666666666667,17.227499149139994,22.94516666666667,13.781833333333331,16.446666666666665,10.424666666666669,13.523666666666664,16.558666666666667,21.028666666666663,21.591833333333334,19.485333333333333,4.467666666666667,6.897333333333333,9.568666666666669,9.638833333333334,3.378,20.01633333333333,26.411
CAND_0460,21.064833333333336,15.1205,16.708000000000002,16.601666666666667,13.745333333333331,10.661166666666666,10.669,10.119166666666668,12.986833333333331,6.714833333333333,11.693833333333334,12.487833333333333,16.350166666666667,6.341333333333334,5.464833333333333,6.0281666666666665,6.738166666666667,20.4985,13.756,25.548333333333336,24.52,18.25933333333333,13.038166666666664,19.15983333333333
CAND_0461,25.7775,20.70283333333333,21.716833333333334,18.89333333333333,18.75433333333333,16.6315,15.677833333333332,10.147666666666668,16.038333333333334,6.875,9.539833333333332,2.559333333333333,8.944166666666666,9.174833333333334,14.121833333333331,14.685166666666667,12.5785,12.589833333333331,5.847333333333333,17.639666666666667,16.61133333333333,10.532433942536152,14.492166666666666,20.88683333333333
CAND_0462,33.2165,28.141666666666666,29.15583333333333,27.12379311689586,26.193166666666663,24.07033333333333,23.11683333333333,18.712662769915998,23.47733333333333,14.615021152063246,16.978833333333334,10.956833333333332,14.863666666666669,17.090666666666667,21.56083333333333,22.124,20.0175,7.811166666666667,7.4295,7.990166666666667,6.961666666666667,1.0,20.5485,26.943166666666663
CAND_0463,35.103833333333334,30.029166666666665,31.043166666666664,28.21966666666667,28.080666666666666,25.957833333333333,25.004166666666663,19.474,25.364833333333333,16.2015,18.86616666666667,12.844333333333331,16.751166666666666,18.978166666666667,23.44816666666667,24.0115,21.905,10.617,9.317,11.237666666666666,10.209166666666668,3.717,22.436,28.830666666666666
CAND_0464,33.44833333333334,28.37366666666667,29.387666666666668,27.750334955715672,26.425166666666662,24.30216666666667,23.348666666666663,19.284686242310435,23.709166666666665,15.160164226120848,17.21066666666667,11.188666666666668,15.0955,17.322499999999998,21.792666666666666,22.355833333333333,20.249333333333333,8.817,7.661333333333333,7.516,6.4875,1.9546666666666668,20.78033333333333,27.175
CAND_0465,38.96083333333333,33.886,34.9,33.511266078278865,31.9375,29.814666666666668,29.067210475850548,25.137851130273884,29.370434585814113,21.035746374398215,22.723000000000003,16.70116666666667,20.608,22.835,27.305,27.86833333333333,25.76183333333333,13.651166666666668,13.173833333333333,7.125666666666667,2.6525000000000003,7.621666666666667,26.29283333333333,31.91916666666667
CAND_0466,34.866499999999995,29.791833333333333,30.80583333333333,28.496932855929966,27.84333333333333,25.720333333333333,24.76683333333333,19.954256283043925,25.127333333333336,15.964,18.628833333333333,12.606833333333332,16.51366666666667,18.74083333333333,23.210833333333333,23.774,21.6675,10.235166666666666,9.079666666666666,8.312333333333333,7.283833333333333,3.3728333333333333,22.198500000000003,28.593166666666665
CAND_0467,34.023833333333336,28.949,29.963166666666663,27.139666666666667,27.000666666666667,24.877666666666663,23.924166666666668,18.692396290792125,24.284666666666663,15.121333333333332,17.786166666666666,11.764166666666666,15.671,17.89816666666667,22.368166666666664,22.93133333333333,20.82483333333333,6.431,8.236833333333333,8.797500000000001,7.769,1.2766666666666666,21.355833333333333,27.7505
CAND_0468,34.348333333333336,29.2735,30.287666666666667,27.464,27.325,25.202166666666667,24.24866666666667,18.71833333333333,24.609166666666667,15.445833333333333,18.110666666666667,12.088666666666668,15.9955,18.2225,22.692666666666664,23.25583333333333,21.14933333333333,6.7555,8.561333333333332,9.122000000000002,8.0935,1.6011666666666666,21.680333333333333,28.075
CAND_0469,33.49033333333333,28.415666666666667,29.429666666666662,27.250597613170367,26.467166666666667,24.34433333333333,23.390666666666668,18.729649060190205,23.751166666666663,14.587833333333332,17.252666666666666,11.230666666666668,15.137666666666666,17.36466666666667,21.834666666666667,22.398000000000003,20.29133333333333,8.450166666666666,7.7035,9.070833333333333,8.042333333333334,1.55,20.822333333333333,27.217166666666667
CAND_0470,33.997499999999995,28.922833333333333,29.936833333333333,28.584425164543966,26.97433333333333,24.8515,24.035638357820304,20.124238134077146,24.424387036152687,15.999479996280385,17.759833333333333,11.738,15.644833333333334,17.87183333333333,22.341833333333334,22.905166666666663,20.7985,9.366166666666668,8.210666666666667,6.803833333333333,5.775333333333333,2.6585,21.329666666666665,27.72433333333333
CAND_0471,30.08983333333333,25.015,26.029,23.2055,23.0665,20.943666666666665,19.99,14.459833333333334,20.350666666666665,11.187333333333331,11.6685,6.7715000000000005,4.9485,13.964,18.434,18.997333333333334,16.890833333333333,10.059,6.054666666666666,16.9585,16.8185,10.557833333333331,17.835166666666666,24.22983333333333
CAND_0472,30.109,25.034166666666668,26.048333333333336,23.224666666666668,23.08566666666667,20.96283333333333,20.00933333333333,14.479,20.369833333333336,11.2065,12.483666666666666,7.586666666666667,6.305166666666667,13.983166666666667,18.453333333333333,19.0165,16.91,7.7895,4.786833333333333,14.689,15.550833333333332,9.290166666666666,16.567333333333334,22.962
CAND_0473,9.037833333333332,7.402833333333334,7.120666666666667,2.4391666666666665,8.990833333333335,17.522333333333332,11.011500000000002,14.753833333333334,8.449166666666667,18.73433333333333,17.487666666666666,24.1295,26.939,21.414,19.685166666666664,18.526,21.7165,31.04283333333333,24.30033333333333,36.092666666666666,35.06433333333334,28.8035,28.0165,34.138333333333335
CAND_0474,23.206,17.835166666666666,18.84916666666667,17.172833333333333,15.886666666666668,13.133833333333332,12.810166666666667,8.427,14.317833333333336,2.1748333333333334,9.343166666666669,11.393666666666666,13.9995,5.9783333333333335,9.1595,9.722833333333334,8.589833333333333,18.307166666666667,11.564666666666666,23.357000000000003,22.3285,16.067833333333333,14.424166666666668,20.81883333333333
CAND_0475,20.112166666666667,14.741333333333332,15.7555,13.868166666666667,12.792833333333334,11.746333333333332,9.716333333333331,4.186166666666667,10.077,5.877666666666667,3.7995,11.272833333333333,13.639666666666669,8.800833333333333,13.270833333333334,13.834166666666668,11.7275,18.186333333333334,12.122286290904768,23.23616666666667,22.479833746286737,17.209884079705784,17.246666666666666,23.641166666666667
CAND_0476,13.319,7.948166666666666,8.962166666666667,8.855833333333333,5.999666666666667,9.378833333333334,1.830833333333333,6.610333333333333,5.240833333333333,13.027333333333331,11.119333333333334,18.509833333333333,20.9595,13.2705,11.734,11.367333333333333,13.573,25.423333333333336,18.68083333333333,30.473166666666668,29.44483333333333,23.184,19.873,25.994833333333336
CAND_0477,10.479833333333334,7.375,7.485666666666666,2.9121666666666663,7.353166666666667,15.726666666666668,9.373833333333332,12.958166666666669,7.100499999999999,17.38566666666667,16.139,22.780666666666665,25.590333333333334,19.61833333333333,18.081833333333336,18.49816666666667,19.92083333333333,29.694166666666668,22.951666666666664,34.744,33.7155,27.454833333333333,26.22083333333333,32.342666666666666
CAND_0478,4.5793333333333335,4.944500000000001,2.9593333333333334,5.468833333333333,8.590166666666667,17.121666666666666,10.610666666666669,14.353,10.714666666666666,20.770166666666668,18.862,26.252666666666663,28.702166666666667,21.013166666666667,17.876666666666665,16.717333333333332,20.9015,33.166000000000004,26.4235,38.21583333333333,37.1875,30.926666666666662,27.2015,33.32333333333334
CAND_0479,5.965166666666667,6.202,3.8335,4.0305,8.4155,16.947,10.436166666666669,14.1785,9.276333333333334,20.5955,18.68733333333333,26.078,28.52766666666667,20.8385,18.4845,17.325166666666668,21.141166666666667,32.9915,26.249,38.04133333333333,37.01283333333333,30.752166666666668,27.441166666666668,33.563
CAND_0480,35.1115,30.03683333333333,31.050833333333333,28.22733333333333,28.08833333333333,25.9655,25.01183333333333,19.48166666666667,25.372333333333334,16.209,18.873833333333334,12.851833333333332,11.785666666666666,18.985833333333336,23.45583333333333,24.019166666666667,21.9125,2.063,9.324666666666667,7.537833333333333,12.020666666666669,5.528499999999999,22.443666666666665,28.83833333333333
CAND_0481,11.217166666666666,9.081666666666669,8.952666666666666,3.302666666666666,10.283166666666666,18.032333333333334,11.6825,13.299166666666668,6.7675,17.052666666666667,15.806,22.447666666666667,25.25733333333333,19.975666666666665,20.38733333333333,20.204833333333333,22.226333333333333,29.36116666666667,22.618666666666662,34.410999999999994,33.3825,27.12183333333333,28.4215,34.64816666666666
CAND_0482,15.8135,10.442666666666666,11.456833333333332,11.3505,8.494166666666667,8.1485,4.3020000000000005,6.908666666666666,7.7355,12.899166666666668,11.417666666666666,18.53933333333333,21.25783333333333,13.142333333333331,11.166,10.006666666666666,13.444833333333332,25.45283333333333,18.710166666666662,30.502666666666663,29.47416666666667,23.2135,19.744833333333336,25.866666666666667
CAND_0483,8.581833333333332,5.4126666666666665,5.283666666666666,2.571333333333333,6.3145,14.688,8.335166666666668,11.9195,6.309333333333333,17.940833333333334,16.4285,23.336,26.1455,18.579666666666665,17.043,16.535833333333333,18.882166666666667,30.2495,23.507,35.29933333333334,34.270833333333336,28.010166666666667,25.182166666666667,31.304
CAND_0484,10.050999999999998,7.9155,7.7865,2.1365,9.117,17.648500000000002,11.137666666666666,14.465166666666669,7.933666666666666,18.218666666666664,16.972166666666666,23.61383333333333,26.4235,21.14183333333333,20.003666666666668,19.038666666666664,21.842666666666663,30.52733333333333,23.78483333333333,35.57716666666667,34.54866666666667,28.288,28.142666666666667,34.2645
CAND_0485,21.453166666666668,16.082333333333334,17.096333333333334,15.42,14.133833333333332,11.381,11.057333333333334,6.674166666666666,12.565,7.047666666666667,8.4865,12.687666666666669,15.497333333333334,10.215666666666667,13.654833333333332,14.218166666666669,13.1425,19.601166666666664,12.858666666666666,24.651,23.622666666666664,17.361833333333333,18.6615,25.056166666666662
CAND_0486,23.953,18.87833333333333,19.892333333333333,17.068833333333334,16.92983333333333,14.806833333333334,13.853333333333332,8.323166666666667,14.213833333333334,5.0505,7.715333333333334,5.818333333333333,10.419833333333337,7.827333333333333,12.297333333333334,12.860666666666669,10.754,12.731833333333332,6.127464434057705,17.78166666666667,16.753333333333334,11.252751709063727,16.273,22.667666666666666
CAND_0487,29.74566666666667,23.624166666666667,26.44033333333333,26.334,23.477833333333333,20.3935,20.401333333333334,19.8515,22.71916666666667,15.5915,20.5705,16.118000000000002,22.769166666666667,13.341166666666668,14.158166666666666,15.512333333333334,7.314333333333334,23.92933333333333,17.186833333333333,28.979166666666668,27.950666666666667,21.69,7.176166666666666,10.1105
CAND_0488,17.842666666666666,11.94,13.486,13.379666666666669,10.523333333333332,2.833666666666667,7.447,7.581833333333334,9.764666666666669,11.886,11.825,17.68933333333333,20.499,11.887166666666667,9.96,8.907833333333334,11.799166666666668,24.602833333333333,17.860333333333333,29.65266666666667,28.624166666666667,22.3635,18.09916666666667,24.221
CAND_0489,11.017,5.646166666666667,6.660333333333333,5.593666666666667,4.186,12.7175,6.206666666666666,9.949000000000002,5.618833333333333,16.366,14.458,21.8485,24.298166666666667,16.609166666666667,15.0725,15.635833333333332,16.91166666666667,28.762,22.0195,33.81183333333333,32.78333333333333,26.522666666666662,23.211666666666662,29.3335
CAND_0490,22.85383333333333,17.779,18.793166666666664,15.9695,15.8305,13.707666666666666,12.754166666666666,7.223833333333333,13.114666666666666,5.233666666666666,6.616166666666667,8.666666666666666,11.272333333333334,6.4238333333333335,10.893833333333331,11.457166666666666,9.350666666666664,15.580166666666663,8.881690169859391,20.63,19.6015,14.00519017357267,14.869666666666664,21.264333333333333
CAND_0491,31.574666666666666,25.453,28.269166666666667,28.163,25.30666666666667,22.2225,22.230166666666666,21.6805,24.548,17.412166666666668,22.391166666666667,15.786666666666669,22.437833333333334,12.877666666666666,15.987166666666669,17.341166666666666,9.143333333333334,23.598000000000003,16.8555,28.64783333333333,27.619333333333334,21.358666666666668,5.212833333333333,6.593833333333333
CAND_0492,26.19183333333333,21.117166666666662,22.131166666666665,19.307666666666663,19.168666666666663,17.045666666666666,16.092166666666667,10.562,16.452666666666666,7.289333333333333,9.954166666666667,3.708666666666667,10.001333333333331,8.069333333333335,14.536166666666666,15.0995,12.992833333333332,13.6765,6.934166666666667,18.726333333333333,17.698,11.449744685554043,14.612666666666666,21.00733333333333
CAND_0493,27.80583333333333,22.731,23.745166666666663,20.9215,20.7825,18.659666666666663,17.706,12.175833333333332,18.066666666666663,8.903333333333334,11.568166666666666,5.1375,8.526333333333334,11.68,16.150166666666667,16.71333333333333,14.606833333333332,12.053666666666668,5.311166666666667,17.1035,16.075,9.814333333333334,14.266333333333334,20.661
CAND_0494,11.4945,9.359,9.23,3.58,10.5605,19.092166666666667,12.581166666666666,15.198833333333331,8.667333333333334,18.37333333333333,17.126666666666665,23.76833333333333,26.578,21.296333333333333,21.447166666666664,20.482166666666668,23.286166666666663,30.681833333333334,23.93933333333333,35.73166666666667,34.70316666666667,28.4425,29.586333333333336,35.708
CAND_0495,16.996166666666667,11.625333333333334,12.639333333333331,12.533166666666666,9.676833333333333,4.4110000000000005,6.600333333333333,6.968500000000001,8.918166666666668,11.382333333333332,11.211666666666668,17.076,19.88566666666667,11.383333333333333,9.7975,9.092833333333337,11.636666666666668,23.9895,17.247,29.03933333333333,28.011000000000003,21.750166666666665,17.936666666666667,24.0585
CAND_0496,34.40133333333333,29.3265,30.340666666666667,28.460369911494116,27.378,25.255166666666664,24.3015,20.018283840552478,24.662166666666668,15.901600061800034,18.1635,12.141666666666667,16.0485,18.2755,22.7455,23.30883333333333,21.20233333333333,9.769833333333334,8.614333333333333,7.2075,6.179,3.0621666666666667,21.73333333333333,28.128
CAND_0497,10.534666666666668,8.399166666666666,8.27,2.620166666666667,9.600666666666664,17.805333333333333,11.4555,13.072166666666668,6.5405,16.825666666666667,15.579,22.220666666666663,25.03033333333333,19.748833333333334,20.16033333333333,19.522166666666667,21.9995,29.134166666666665,22.391666666666666,34.184,33.15566666666667,26.89483333333333,28.1945,34.421166666666664
CAND_0498,25.812166666666663,19.6905,22.506666666666668,22.4005,19.54416666666667,16.46,16.467666666666666,13.915,18.785500000000003,9.1515,14.1305,8.749166666666667,16.58833333333333,4.616833333333333,10.224666666666668,11.578666666666669,4.907333333333333,20.234166666666667,13.4915,25.284,24.2555,17.994833333333336,6.281166666666667,12.675833333333332
CAND_0499,35.11066666666667,28.989166666666662,31.805333333333333,31.699,28.842666666666663,25.7585,25.766166666666667,25.2165,28.084,20.9565,25.9355,23.1995,29.8505,19.7735,19.52316666666667,20.877333333333336,12.679333333333334,31.01066666666667,24.268166666666666,36.060500000000005,33.26916666666667,28.77133333333333,14.2575,12.990166666666664
CAND_0500,22.87983333333333,17.509,18.523000000000003,16.682166666666667,15.5605,14.514,12.484,6.953666666666667,12.8445,8.469166666666666,2.6005,11.485333333333331,11.245666666666668,9.963666666666668,14.433666666666666,14.997000000000002,12.890333333333333,18.398833333333336,11.656333333333333,23.448666666666668,22.420166666666667,16.1595,18.409333333333333,24.804
CAND_0501,33.91016666666666,27.7885,30.604666666666667,30.49833333333333,27.642,24.55783333333333,24.56566666666667,24.015833333333333,26.883333333333333,19.75583333333333,24.734666666666666,19.92483333333333,26.57583333333333,17.015666666666668,18.3225,19.676666666666662,11.478666666666667,27.736,20.9935,32.785833333333336,30.741,25.496666666666663,9.351,6.180833333333334
CAND_0502,29.3875,24.016666666666666,25.030666666666665,23.189833333333336,22.068166666666663,21.021666666666665,18.991666666666667,13.461333333333332,19.35216666666667,12.718,8.782666666666668,10.245,6.3925,14.212333333333332,18.682333333333336,19.24566666666667,17.139166666666664,14.5055,11.145666666666669,21.405,21.9095,15.648833333333332,22.178,28.5725
CAND_0503,43.323166666666665,38.2485,39.2625,37.52532289149555,36.3,34.17716666666667,33.2235,29.201564137076847,33.58416666666667,25.110519805046053,27.085500000000003,21.063666666666663,24.9705,27.1975,31.6675,32.23083333333333,30.124333333333333,18.69183333333333,17.536333333333335,14.017166666666666,9.7145,11.984166666666663,30.65533333333333,33.38466666666667
CAND_0504,34.67733333333333,29.602666666666668,30.616666666666667,27.793166666666664,27.654166666666665,25.531166666666664,24.57766666666667,19.04733333333333,24.938166666666667,15.774833333333332,18.439666666666668,12.417666666666666,13.817333333333332,18.551666666666662,23.021666666666665,23.585,21.47833333333333,4.340999999999999,8.8905,7.913833333333333,9.942333333333332,3.45,22.00933333333333,28.404
CAND_0505,25.34233333333333,19.9715,20.985666666666667,19.14183333333333,18.023000000000003,16.88,14.946666666666664,9.416333333333334,15.307166666666664,8.406,5.551333333333333,7.760833333333333,7.1415,9.900333333333332,14.370333333333331,14.933666666666666,12.827166666666669,14.928166666666668,8.583,20.375333333333334,19.346833333333333,13.086166666666664,18.346166666666665,24.74083333333333
CAND_0506,22.203166666666668,16.0815,18.076166666666666,17.970000000000002,15.113666666666669,12.0295,12.037166666666668,11.4875,14.355,7.887166666666667,12.866,13.66,17.522333333333332,7.5135,6.425833333333333,6.989166666666667,5.3261666666666665,21.67083333333333,14.928333333333336,26.720666666666663,25.692166666666665,19.431500000000003,11.626166666666668,17.748
CAND_0507,35.714333333333336,29.592666666666663,32.408833333333334,32.30266666666667,29.44633333333333,26.362,26.369833333333336,25.82,28.687666666666665,21.56,26.539,23.803,30.454166666666666,20.377166666666668,20.12683333333333,21.480833333333333,13.283,31.614166666666662,24.871666666666663,36.664,33.40866666666667,29.37483333333333,14.861166666666666,13.593666666666667
CAND_0508,29.15833333333333,24.083666666666662,25.097666666666665,22.274166666666662,22.135166666666667,20.012166666666666,19.058666666666667,13.528333333333334,19.41916666666667,10.255833333333332,9.685666666666666,6.267666666666667,5.357333333333333,12.973166666666666,17.502666666666666,18.06583333333333,15.959333333333332,12.111833333333331,6.322,18.11433333333333,17.085833333333333,10.825166666666666,17.9785,24.37316666666667
CAND_0509,8.863499999999998,6.150166666666666,6.021166666666667,1.0,7.3516666666666675,15.883166666666666,9.372333333333334,13.114666666666666,7.689999999999999,17.963666666666665,16.717166666666667,23.358833333333333,26.168333333333333,19.774833333333333,18.238333333333333,17.273333333333333,20.07733333333333,30.27233333333333,23.52983333333333,35.32216666666667,34.29366666666667,28.033,26.377333333333336,32.49916666666667
CAND_0510,13.329666666666666,7.958833333333333,8.973,8.866666666666667,6.0103333333333335,7.713333333333334,2.934,4.9446666666666665,5.251666666666667,11.361833333333331,9.453666666666669,16.84433333333333,19.294,11.604833333333334,10.068333333333332,10.447666666666668,11.9075,23.75783333333333,17.015333333333334,28.807666666666663,27.779166666666665,21.5185,18.2075,24.32933333333333
CAND_0511,37.496833333333335,32.42216666666666,33.436166666666665,30.612666666666662,30.473666666666663,28.350666666666665,27.397166666666667,21.867,27.75766666666667,18.59433333333333,21.259166666666665,15.237166666666669,14.170833333333333,21.371166666666667,25.841166666666663,26.4045,24.297833333333333,4.448166666666666,11.71,7.827333333333333,13.277,7.284333333333333,24.82883333333333,31.2235
CAND_0512,4.484666666666667,5.389833333333333,5.274333333333333,8.3285,10.228,18.69833333333333,12.174833333333334,15.990833333333336,12.680666666666667,22.408,20.49983333333333,27.8905,30.34,22.651,18.322,17.162666666666667,21.346833333333333,34.803999999999995,28.0615,39.85383333333333,38.82533333333333,32.56466666666667,27.646833333333333,33.76866666666667
CAND_0513,1.0,7.933000000000001,6.640333333333333,8.459166666666667,12.122666666666667,20.654333333333334,14.143333333333334,17.88566666666667,13.953333333333337,23.456833333333336,22.210166666666662,28.85183333333333,31.6615,24.54583333333333,20.865166666666667,19.70583333333333,23.89,35.76533333333334,29.02283333333333,40.81516666666666,39.78683333333333,33.526,30.19,36.31183333333333
CAND_0514,39.2805,34.20583333333333,35.219833333333334,32.39633333333333,32.257333333333335,30.13433333333333,29.18083333333333,23.6505,29.54133333333333,20.378,23.04283333333333,17.020833333333332,17.519333333333336,23.15483333333333,27.62483333333333,28.188166666666667,26.0815,7.796666666666667,13.4935,1.421,7.399,7.9415,26.6125,33.00716666666667
CAND_0515,36.16783333333333,31.093166666666665,32.10733333333334,29.283666666666665,29.14466666666667,27.021833333333333,26.068166666666663,20.538,26.428833333333333,17.2655,19.930166666666665,13.908333333333331,15.308,20.042166666666667,24.512166666666666,25.0755,22.969,5.8315,10.381,6.877166666666667,10.392833333333334,4.309,23.5,29.89466666666667
CAND_0516,24.684,18.712333333333333,20.327166666666667,19.39733333333333,17.36466666666667,14.611833333333331,14.288166666666664,10.651666666666667,16.341666666666665,5.888166666666667,10.867166666666666,9.5515,15.5235,1.3535,9.125333333333334,9.6885,7.582,19.67183333333333,12.929333333333334,24.721666666666668,23.69333333333333,17.4325,9.799333333333331,16.194
CAND_0517,17.336000000000002,11.965166666666669,12.979333333333331,10.6125,10.016666666666667,12.754666666666669,8.510333333333334,6.005833333333333,4.9215,12.107166666666666,10.111666666666668,17.502166666666668,19.951833333333333,15.030166666666666,15.109833333333334,15.673,16.948833333333333,24.415666666666667,17.673166666666667,29.4655,28.437,22.17633333333333,23.248833333333334,29.37066666666667
CAND_0519,30.46733333333333,25.392666666666667,26.40666666666667,24.251926550713325,23.444166666666668,21.321166666666667,20.367666666666665,15.76859640842812,20.728166666666667,11.649991871148536,14.229666666666668,8.207666666666666,12.1145,14.341666666666669,18.811666666666667,19.37483333333333,17.26833333333333,6.446666666666667,4.680499999999999,11.872833333333334,10.844333333333331,4.583666666666667,17.799333333333333,24.194000000000003
CAND_0520,19.737,14.366166666666668,15.380333333333336,13.539333333333332,12.417666666666666,11.371166666666666,9.341166666666668,3.811,9.701833333333331,5.5025,3.466333333333333,10.897666666666668,13.3065,8.425666666666666,12.895666666666669,13.459,11.352333333333332,17.81116666666667,12.189359660443115,22.861,22.57081383756567,17.28955217313384,16.871333333333332,23.266
CAND_0521,31.17033333333333,26.0955,27.109666666666666,24.286,24.147,22.024166666666662,21.0705,15.540333333333333,21.431166666666662,12.267833333333334,14.759833333333336,8.910666666666666,8.046333333333333,15.0445,19.514666666666667,20.07783333333333,17.971333333333334,5.977833333333334,5.3101666666666665,12.877333333333333,15.000833333333333,8.740166666666665,18.429166666666667,24.823833333333333
CAND_0522,34.29383333333333,28.172166666666666,30.988333333333333,30.882166666666667,28.02583333333333,24.941666666666663,24.94933333333333,24.39966666666667,27.267166666666665,20.131500000000003,25.110333333333333,18.50583333333333,25.157,15.596833333333333,18.706333333333337,20.0605,11.8625,26.317166666666665,19.574666666666666,31.367,29.9975,24.07783333333333,7.932,3.977
CAND_0523,37.522666666666666,32.448,33.462,30.6385,30.4995,28.3765,27.423,21.892666666666667,27.7835,18.620166666666663,21.285,15.263,14.196666666666664,21.397,25.867,26.430333333333333,24.323666666666668,4.474,11.735833333333334,7.853166666666667,13.302833333333332,7.310166666666666,24.854666666666667,31.249333333333333
CAND_0524,24.752666666666663,19.381833333333336,20.39583333333333,18.555,17.433333333333334,16.386833333333335,14.356833333333332,8.826666666666666,14.7175,8.687333333333333,4.147833333333334,9.399,8.756,10.181666666666668,14.651666666666667,15.215,13.1085,16.3125,9.57,21.36233333333333,20.33383333333333,14.073166666666667,18.6275,25.022166666666667
CAND_0525,26.2475,20.125833333333333,22.942,22.83566666666667,19.979333333333333,16.895166666666668,16.903,16.101833333333335,19.220666666666663,11.338333333333331,16.317333333333334,10.994,18.833166666666667,6.803666666666667,10.659833333333331,12.014,5.001166666666666,21.6555,14.913,26.70533333333333,25.677,19.416166666666665,4.946666666666667,11.341333333333331
CAND_0526,27.63883333333333,21.66733333333333,23.28216666666667,22.35233333333333,20.3195,17.56683333333333,17.243166666666664,13.606666666666666,19.296666666666667,8.843166666666667,13.822166666666668,9.713333333333331,17.552500000000002,3.5668333333333333,12.080166666666663,12.6435,10.537,21.19816666666667,14.455666666666668,26.248,25.21966666666667,18.95883333333333,12.0125,18.40716666666667
CAND_0527,27.69,22.319166666666668,23.33333333333333,21.4895,20.37066666666667,19.227666666666668,17.294333333333334,11.764,17.654833333333332,9.703833333333334,7.899,5.976666666666668,5.8525,12.248,16.718,17.281333333333336,15.174833333333334,12.845333333333334,7.0553333333333335,18.847666666666665,17.819333333333336,11.5585,17.909666666666666,24.30433333333333
CAND_0529,2.969,8.610333333333333,7.695333333333334,10.4015,13.140833333333337,21.6725,15.1615,18.90383333333333,15.5935,25.321,23.41283333333333,30.80333333333333,33.253,25.564,21.5425,20.383166666666668,24.56733333333333,37.71683333333333,30.97433333333333,42.766666666666666,41.73833333333334,35.4775,30.86733333333333,36.98916666666666
CAND_0530,10.4195,5.048666666666667,6.062666666666667,5.322166666666666,3.5883333333333334,12.12,5.609,9.351333333333336,5.482166666666667,15.768333333333334,13.860333333333331,21.251,23.7005,16.0115,14.475,15.038166666666664,16.314,28.16433333333333,21.42183333333333,33.214166666666664,32.185833333333335,25.967258269956304,22.614166666666662,28.735833333333336
CAND_0531,7.8185,2.3498333333333337,3.4616666666666664,4.578166666666666,4.952166666666667,13.483666666666666,6.972666666666667,10.715,7.404833333333333,17.132166666666667,15.224,22.61466666666667,25.064166666666665,17.375166666666665,14.632333333333332,13.473,17.65716666666667,29.528166666666667,22.785666666666668,34.578,33.5495,27.56160102454542,23.95716666666667,30.079
CAND_0532,4.484666666666667,5.389833333333333,5.274333333333333,8.3285,10.228,18.69833333333333,12.174833333333334,15.990833333333336,12.680666666666667,22.408,20.49983333333333,27.8905,30.34,22.651,18.322,17.162666666666667,21.346833333333333,34.803999999999995,28.0615,39.85383333333333,38.82533333333333,32.56466666666667,27.646833333333333,33.76866666666667
CAND_0533,18.005499999999998,12.634666666666668,13.648666666666664,13.5425,10.686166666666669,7.933499999999999,7.609666666666667,4.8035,9.663166666666664,8.975333333333333,8.751,14.615333333333332,17.425,9.987666666666666,10.207166666666666,10.7705,12.046333333333331,21.52883333333333,14.786333333333332,26.578666666666667,25.550166666666662,19.2895,18.34633333333333,24.468166666666665
CAND_0534,18.878833333333333,12.757333333333332,15.345166666666668,15.239,12.382666666666667,9.2985,9.306166666666666,8.756499999999999,11.624,8.392999999999999,11.952833333333333,14.166,18.02833333333333,8.0195,3.727253536804541,3.664833333333333,5.832,22.176666666666662,15.434166666666666,27.2265,26.19816666666667,19.93733333333333,12.132166666666668,18.253833333333333
CAND_0535,17.602500000000003,12.231666666666666,13.245666666666668,13.1395,10.283166666666666,10.6815,7.206666666666666,1.6765,7.567333333333334,8.181000000000001,6.1855,13.576,16.025666666666666,11.104,12.955333333333334,13.5185,14.030833333333334,20.4895,14.039570634864472,25.53933333333333,24.511000000000003,19.15629829606498,19.54983333333333,25.9445
CAND_0536,7.698666666666667,6.0635,5.781499999999999,1.5371666666666668,8.058,16.5895,10.078666666666669,13.820833333333333,8.007833333333334,18.29283333333333,17.046333333333333,23.688,26.497666666666664,20.481,18.346,17.186666666666667,20.783666666666665,30.6015,23.859,35.65133333333333,34.62283333333333,28.362166666666667,27.083666666666662,33.205333333333336
CAND_0537,12.3455,7.036333333333333,8.050333333333333,6.298500000000001,5.576,11.2235,4.873666666666667,8.455,3.941666666666667,14.872000000000002,12.964,20.3545,22.804166666666667,15.115166666666664,13.5785,14.141833333333333,15.417666666666666,27.268,20.5255,32.31783333333333,31.28933333333333,25.028666666666663,21.717666666666663,27.8395
CAND_0538,10.921,7.526,7.673666666666667,3.353166666666666,7.504333333333333,15.877833333333331,9.524833333333332,11.7755,5.244,15.529166666666669,14.2825,20.924166666666668,23.733833333333333,18.452166666666667,18.23283333333333,18.649166666666662,20.072,27.837666666666667,21.095166666666668,32.8875,31.859,26.077830886920037,26.372,32.49366666666666
CAND_0539,8.7775,1.6925,4.510666666666666,5.627166666666667,5.459333333333333,14.3515,7.827833333333333,11.764,8.453833333333334,18.181166666666662,16.273,23.663666666666664,26.113166666666665,18.424166666666668,13.975,12.815666666666669,17.005428648121217,30.577,23.8345,35.62683333333334,34.598499999999994,28.33783333333333,23.3,29.42183333333333
CAND_0540,8.194333333333335,2.8235,3.8375,4.954,5.327833333333333,13.8595,7.3485,11.090833333333334,7.780666666666666,17.508,15.599833333333333,22.9905,25.44,17.750999999999998,15.106,13.946666666666664,18.0535,29.90383333333333,23.16133333333333,34.95366666666666,33.925333333333334,27.66466666666667,24.353666666666665,30.47533333333333
CAND_0541,32.91316666666667,27.5785,28.592666666666663,26.02883333333333,25.63,23.767,22.55366666666667,17.023333333333333,22.914166666666667,14.010666666666667,13.158333333333331,9.595,4.0695,16.787333333333333,21.25733333333333,21.820666666666668,19.714166666666664,7.975499999999999,7.9085,14.875,18.011166666666668,11.750333333333334,19.689,26.083666666666662
CAND_0542,32.702333333333335,27.627666666666663,28.641666666666666,25.818166666666663,25.679,23.556166666666662,22.602666666666668,17.072333333333333,22.963166666666663,13.799833333333334,13.209833333333334,9.646333333333333,4.121,16.5765,21.046666666666667,21.60983333333333,19.50333333333333,7.447166666666666,7.380333333333334,14.346666666666666,17.482833333333335,11.222166666666668,19.160666666666668,25.555333333333333
CAND_0544,21.36233333333333,15.9915,17.005666666666666,15.164833333333332,14.043166666666668,12.9965,10.966666666666669,5.436333333333334,11.327166666666669,6.968166666666666,1.204,11.793333333333331,11.553666666666668,9.891166666666669,14.361166666666666,14.9245,12.818,18.706666666666667,11.964166666666667,23.756500000000003,22.728166666666667,16.467333333333332,18.337,24.73166666666667
CAND_0545,21.50333333333333,16.1325,17.1465,15.305666666666667,14.184,13.1375,11.1075,5.577333333333333,11.468166666666669,7.109,2.044,12.225333333333332,11.985666666666669,10.032,14.502166666666666,15.065333333333331,12.958833333333333,19.13883333333333,12.396333333333333,24.188666666666663,23.160166666666665,16.8995,18.477833333333333,24.8725
CAND_0547,29.6855,24.314666666666668,25.328666666666667,23.4295,22.36616666666667,21.1675,19.28966666666667,13.7595,19.65033333333333,11.411166666666666,9.870833333333334,7.513,3.4488333333333334,14.1285,18.658,19.221166666666665,17.11466666666667,11.561833333333334,8.515333333333334,18.461333333333336,19.279166666666665,13.0185,19.446,25.840666666666667
CAND_0549,2.658666666666667,8.3,7.385000000000001,10.091166666666668,12.830666666666668,21.362166666666667,14.851166666666668,18.5935,15.283333333333331,25.01066666666667,23.102500000000003,30.493166666666664,32.94266666666667,25.253666666666668,21.232166666666668,20.07283333333333,24.257,37.4065,30.664,42.45633333333333,41.428,35.16716666666667,30.557166666666667,36.67883333333334
CAND_0550,16.897333333333332,11.5265,12.540666666666668,11.364,9.578,11.754333333333332,7.959,4.972166666666666,4.657666666666667,11.066333333333334,9.070833333333333,16.461333333333332,18.911,13.989333333333333,14.109333333333332,14.672666666666666,15.9485,23.37483333333333,16.632333333333335,28.424666666666667,27.39633333333333,21.1355,22.2485,28.370166666666663
CAND_0551,27.797833333333333,22.427,23.441166666666668,21.59733333333333,20.4785,19.335500000000003,17.40216666666667,11.871833333333331,17.762666666666668,10.243333333333334,8.006833333333335,7.4495,5.7895,12.355833333333331,16.825833333333332,17.389166666666664,15.282666666666668,13.9025,8.528333333333332,20.320666666666668,19.292166666666667,13.0315,19.3825,25.77716666666667
CAND_0552,25.02433333333333,19.052833333333336,20.667666666666666,19.73783333333333,17.705,14.952333333333334,14.6285,10.992166666666666,16.682,6.228666666666667,11.207666666666666,9.892,15.863833333333334,1.0,9.465666666666667,10.029,7.9225,20.01233333333333,13.269833333333334,25.062166666666663,24.033666666666665,17.773000000000003,9.398,15.792666666666666
CAND_0553,26.4495,20.32783333333333,23.144,23.03783333333333,20.181500000000003,17.09733333333333,17.105,16.303833333333333,19.422833333333333,11.540333333333333,16.519333333333332,11.196166666666668,19.03533333333333,7.005833333333333,10.862,12.216,4.6285,21.283,14.5405,26.332833333333333,25.30433333333333,19.043666666666663,4.574,10.968666666666667
CAND_0554,23.154,17.509166666666665,18.797166666666666,17.8675,15.834666666666667,13.082,12.758166666666666,9.121833333333331,14.811666666666667,4.358333333333333,9.337166666666668,8.959333333333332,13.9935,2.8128333333333333,7.922,8.485333333333333,6.378833333333334,18.142,11.3995,23.19183333333333,22.16333333333333,15.902666666666669,11.2585,17.653166666666667
CAND_0555,12.633666666666668,9.988833333333334,10.136500000000002,5.369666666666666,9.967,15.6275,9.277666666666669,10.194833333333332,3.6633333333333336,14.802833333333332,13.556166666666666,20.198,23.0075,17.726,17.982666666666667,18.54583333333333,19.821666666666665,27.1115,20.369000000000003,32.16133333333333,31.13283333333333,24.872166666666665,26.121666666666663,32.2435
CAND_0556,19.361,13.239333333333333,16.438833333333335,18.49183333333333,15.645,11.937166666666666,12.5685,12.018833333333331,14.886333333333331,11.114166666666668,15.215333333333332,16.887,20.749333333333333,10.7405,1.3168333333333335,5.9055,7.522,24.89783333333333,18.15533333333333,29.947666666666667,28.91916666666667,22.6585,13.822166666666668,19.94383333333333
CAND_0557,27.004666666666665,21.033166666666663,22.648000000000003,21.718166666666665,19.68533333333333,16.932666666666666,16.608999999999998,12.9725,18.6625,8.209,13.188,6.411166666666667,14.250333333333334,2.932666666666667,11.446,12.009333333333332,9.902833333333332,17.896,11.1535,22.945833333333333,21.9175,15.656666666666666,11.339833333333331,17.7345
CAND_0558,16.839166666666667,11.468333333333334,12.4825,12.376166666666668,9.519833333333334,6.541333333333333,6.4435,6.0175,8.761166666666666,9.722833333333334,10.260666666666667,15.788,18.597666666666665,9.723833333333332,8.138166666666667,8.701333333333334,9.977166666666667,22.7015,15.959,27.75133333333333,26.72283333333333,20.46216666666667,16.277166666666666,22.399
CAND_0559,18.79433333333333,12.672666666666666,15.712333333333332,15.606,12.749666666666666,7.019333333333334,9.673333333333334,9.247333333333334,11.991166666666668,9.668333333333331,13.1455,17.575166666666668,20.716833333333334,11.4285,7.427833333333334,7.860833333333333,9.267,24.820666666666668,18.078166666666668,29.8705,28.842,22.581333333333337,15.567,21.688666666666663
CAND_0560,29.501666666666665,24.427,25.441,22.698496191419146,22.4785,20.355666666666664,19.402,14.229791404314174,19.762666666666668,10.599333333333334,13.264,7.242166666666666,11.149,13.376,17.846,18.409333333333333,16.302833333333332,6.904,3.714833333333333,11.953833333333334,10.9255,4.788431207068162,16.833833333333335,23.2285
CAND_0561,17.672833333333333,11.551166666666669,14.750666666666666,16.80366666666667,14.655833333333334,10.249166666666667,11.131,11.449166666666668,14.316666666666666,11.168333333333331,14.6455,17.002166666666668,20.8645,10.855666666666668,5.604,1.0,8.668333333333333,25.013,18.2705,30.062833333333334,29.034333333333333,22.773666666666667,14.968333333333334,21.09016666666667
CAND_0562,19.62483333333333,13.503333333333334,15.314,15.207666666666666,12.351333333333336,9.267166666666666,9.275,8.725166666666667,11.592666666666666,8.444333333333335,11.921666666666663,14.458666666666666,18.321,8.312166666666666,3.8475,4.384333333333333,6.5375,22.4695,15.727,27.519333333333336,26.49083333333333,20.230166666666666,12.837666666666667,18.959333333333333
CAND_0563,19.295666666666666,13.881833333333333,14.939,14.832666666666666,11.9765,8.892166666666666,8.9,8.350166666666667,11.217833333333337,8.0695,11.546666666666663,14.837333333333332,18.6995,8.690666666666667,4.226166666666667,4.789333333333333,6.916166666666667,22.848000000000003,16.1055,27.89783333333333,26.869333333333334,20.608666666666668,13.216166666666668,19.33783333333333
CAND_0564,18.076666666666664,12.668704838772348,15.1545,17.2075,14.360666666666669,10.653,11.284333333333333,10.7345,13.602,10.4485,13.931,16.2215,20.08383333333333,10.075,1.7513333333333334,4.621333333333333,7.145666666666667,24.232333333333333,17.489833333333333,29.28216666666667,28.253666666666668,21.993,13.445833333333333,19.5675
CAND_0565,18.264166666666664,12.686346583625028,15.342,17.395,14.548333333333334,10.8405,11.471833333333333,10.922166666666667,13.789666666666667,10.636166666666666,14.1185,16.409,20.27133333333333,10.2625,1.9388333333333327,4.808833333333333,7.333333333333333,24.419833333333333,17.677333333333333,29.46966666666667,28.441166666666668,22.1805,13.633333333333333,19.755166666666664
CAND_0566,4.824666666666667,5.445333333333334,2.7965,4.65,8.900666666666666,17.432333333333336,10.921333333333331,14.663666666666668,10.759166666666664,19.647666666666662,18.401,25.042666666666666,27.85233333333333,21.323833333333333,18.3775,17.218166666666665,21.40233333333333,31.956166666666665,25.213666666666665,37.006,35.9775,29.716833333333334,27.70233333333333,33.82416666666667
CAND_0567,20.689166666666665,15.318333333333332,16.332333333333334,14.4915,13.369833333333334,12.323333333333332,10.293333333333331,4.763166666666667,10.654,6.294833333333333,2.9955,11.69,12.835833333333332,9.218,13.688,14.251333333333331,12.144666666666666,18.60333333333333,12.066905738584627,23.653166666666667,22.62483333333333,17.16788342518914,17.663666666666664,24.058333333333334
CAND_0568,28.303833333333333,23.229166666666668,24.243166666666664,21.419666666666668,21.280666666666665,19.157666666666668,18.204166666666666,12.673833333333333,18.564666666666668,9.401333333333334,12.066166666666668,6.0441666666666665,9.263166666666669,12.178166666666668,16.648166666666665,17.2115,15.104833333333334,10.287833333333332,3.545333333333333,15.337666666666667,14.309333333333331,8.0485,12.564833333333333,18.9595
CAND_0569,19.26633333333333,13.852333333333332,14.9095,14.803333333333336,11.947,8.862833333333333,8.8705,8.320666666666666,11.188333333333333,8.04,11.517166666666666,14.807833333333331,18.670166666666667,8.661333333333333,4.259121022647129,4.760000000000001,6.886666666666667,22.8185,16.076,27.86833333333333,26.84,20.579166666666666,13.186666666666667,19.3085
CAND_0570,23.041166666666665,17.670333333333335,18.6845,17.008,15.721833333333333,12.969166666666666,12.6455,8.262333333333334,14.153166666666667,3.872333333333333,10.074666666666667,12.782333333333334,15.697,6.635833333333333,8.481,9.044333333333332,9.247333333333334,20.004666666666665,13.262166666666667,25.0545,24.026,17.765333333333334,15.081666666666669,21.476166666666664
CAND_0571,24.871166666666667,19.7965,20.8105,17.987000000000002,17.848000000000003,15.725166666666668,14.7715,9.241333333333332,15.132166666666668,5.968833333333333,7.617333333333334,5.505,9.714833333333331,8.7455,13.2155,13.778833333333331,11.672333333333334,12.418333333333331,6.846156702064662,17.468166666666665,17.276253042611547,11.968092083890124,17.191333333333333,23.586
CAND_0572,35.01033333333333,28.88883333333333,31.705,31.598666666666663,28.74233333333333,25.658166666666663,25.666,25.11616666666667,27.983666666666668,20.848000000000003,25.827,19.2225,25.8735,16.313333333333333,19.422833333333333,20.777,12.579,27.033666666666665,20.291166666666665,32.0835,29.609,24.79433333333333,8.648666666666665,3.188333333333333
CAND_0573,29.054166666666667,23.9795,24.9935,22.56236878344929,22.031,19.908,18.9545,14.07855334658061,19.315,10.151666666666667,12.8165,6.7945,10.7015,12.9285,17.398500000000002,17.961833333333335,15.855166666666666,9.936666666666667,3.194166666666667,14.986333333333333,13.958,7.697333333333333,16.313,22.707666666666668
CAND_0574,15.225166666666668,9.854333333333331,10.868333333333334,10.762166666666667,7.905833333333334,6.474333333333333,4.8293333333333335,5.655333333333333,7.147166666666666,10.122833333333334,9.8985,15.763,18.5725,10.366,8.8295,9.392666666666663,10.6685,22.67633333333333,15.933833333333332,27.726166666666664,26.69783333333333,20.437,16.9685,23.090333333333334
CAND_0575,10.001666666666669,7.866166666666667,7.737166666666667,2.0871666666666666,9.067666666666666,17.3375,10.987666666666666,12.604333333333331,6.072666666666667,16.357833333333335,15.111166666666666,21.753,24.5625,19.281,19.6925,18.98933333333333,21.53166666666667,28.66633333333333,21.92383333333333,33.716166666666666,32.68783333333333,26.42716666666667,27.726666666666667,33.9535
CAND_0576,27.471,22.39633333333333,23.41033333333333,20.58683333333333,20.44783333333333,18.32483333333333,17.371333333333332,11.841,17.731833333333334,8.5685,11.233333333333333,4.464833333333333,11.434166666666666,7.045,15.558333333333334,16.121666666666666,12.214666666666666,15.109333333333332,8.366833333333334,20.159166666666668,19.13083333333333,12.87,13.588333333333331,19.983
CAND_0577,16.421333333333333,11.0505,12.064666666666666,11.958333333333334,9.102,9.820833333333333,6.026,3.072,5.812666666666667,9.5765,7.581,14.9715,17.421166666666668,12.4995,12.175833333333332,12.739166666666668,14.015,21.885,15.371649045354651,26.934833333333334,25.906333333333336,20.483174919851173,20.315,26.436833333333333
CAND_0578,18.2075,12.671016500249422,15.285333333333334,17.33833333333333,14.491666666666667,10.783833333333332,11.4155,10.865333333333332,13.733,10.5795,14.061833333333334,16.3525,20.21466666666667,10.205833333333334,1.8821666666666668,4.752166666666667,7.276666666666667,24.363166666666665,17.62066666666667,29.413,28.3845,22.123833333333334,13.576666666666666,19.698500000000003
CAND_0579,14.787166666666668,9.416333333333334,10.430333333333332,10.324166666666668,7.467833333333333,7.478166666666667,3.276,5.8821666666666665,6.7091666666666665,12.299333333333331,10.391166666666669,17.781833333333335,20.2315,12.542333333333334,10.495666666666668,9.336333333333332,12.845,24.69533333333333,17.952833333333334,29.745166666666663,28.716666666666665,22.456,19.145,25.26683333333333
CAND_0580,35.326,29.20433333333333,32.0205,31.91433333333333,29.058,25.97383333333333,25.98183333333333,25.431833333333334,28.299333333333333,21.17183333333333,26.150666666666663,20.585,27.236,17.675833333333333,19.7385,21.092666666666663,12.894666666666666,28.396166666666662,21.653666666666663,32.83,28.52733333333333,26.15683333333333,10.011166666666666,5.0855
CAND_0581,33.60766666666667,27.486,30.30216666666667,30.196,27.33966666666667,24.2555,24.2635,23.7135,26.581,19.44516666666667,24.424166666666668,17.819666666666667,24.47083333333333,14.910666666666666,18.020166666666668,19.374166666666667,11.176333333333334,25.63083333333333,18.88833333333333,30.680666666666664,29.65233333333333,23.3915,7.245833333333334,4.789666666666666
CAND_0582,28.651,22.67933333333333,24.29416666666667,23.3645,21.331666666666667,18.57883333333333,18.2555,14.618666666666666,20.308666666666667,9.855166666666666,14.2015,5.269666666666667,13.108833333333331,4.578833333333334,13.092333333333332,13.6555,8.522666666666668,16.7545,10.012,21.80433333333333,20.776,14.515166666666666,9.896333333333333,16.291
CAND_0585,16.916666666666668,11.545833333333333,12.559833333333334,12.453666666666669,9.597333333333331,9.9955,6.521166666666667,1.0,6.887666666666666,8.6745,6.679,14.0695,16.519166666666667,11.5975,12.269333333333332,12.832666666666666,14.1085,20.983,14.2405,26.032833333333333,25.00433333333333,18.909530747912683,20.043333333333333,26.438
CAND_0588,3.101,7.517166666666666,5.520166666666666,6.118333333333334,11.211,19.7425,13.232,16.974,12.2275,21.116,19.869333333333334,26.511000000000003,29.320666666666668,23.634166666666665,20.44933333333333,19.290000000000003,23.47433333333333,33.4245,26.682,38.47433333333333,37.44583333333333,31.185166666666664,29.77433333333333,35.896
CAND_0589,9.074333333333334,5.5376666666666665,5.691666666666666,3.0638333333333336,5.6531666666666665,14.026666666666667,7.674166666666666,11.258166666666666,5.648,17.675166666666666,15.767166666666666,23.157666666666668,25.607333333333333,17.918333333333333,16.381666666666668,16.660833333333333,18.22083333333333,30.071166666666667,23.328666666666667,35.121,34.0925,27.831833333333336,24.52083333333333,30.642666666666667
CAND_0593,26.181500000000003,20.20983333333333,21.824666666666666,20.89483333333333,18.862166666666667,16.109333333333332,15.786,12.149166666666668,17.839166666666664,7.385666666666666,12.364666666666666,9.286,17.021,2.851,10.622833333333334,11.186,6.850333333333333,20.771,14.0285,25.820666666666668,24.79233333333333,18.53166666666667,8.224166666666667,14.618833333333331
CAND_0596,30.36833333333333,25.293666666666663,26.307666666666663,24.38709724003526,23.345166666666668,21.222166666666663,20.269,15.865459649114298,20.629166666666663,11.728248761983018,14.130666666666666,8.108666666666666,12.015666666666668,14.242666666666668,18.712666666666667,19.276,17.169333333333334,6.347666666666667,4.5815,11.773833333333332,10.7455,4.484666666666667,17.700499999999998,24.095
CAND_0597,15.898,10.274666666666668,11.541166666666667,11.434833333333334,8.578666666666667,7.0575,4.136333333333334,6.992999999999999,7.819999999999999,11.808166666666668,11.502,17.44816666666667,20.25783333333333,12.051166666666669,10.075,8.915666666666668,12.353833333333334,24.361666666666668,17.61916666666667,29.4115,28.383,22.122333333333334,18.65383333333333,24.775666666666663
CAND_0600,27.4205,22.049666666666667,23.06383333333333,21.223000000000003,20.101166666666664,19.054666666666662,17.025166666666667,11.4945,17.38533333333333,11.355166666666666,6.815666666666667,9.520333333333332,6.304666666666666,12.8495,17.319666666666667,17.882833333333334,15.776333333333334,14.417666666666666,10.342333333333332,21.317166666666665,21.10633333333333,14.8455,21.29533333333333,27.69
CAND_0603,16.354166666666668,11.951666666666666,12.965666666666667,9.090166666666669,10.149,13.571333333333332,8.642833333333334,6.822333333333333,3.3991666666666664,12.455166666666663,10.928166666666668,17.850166666666667,20.65983333333333,15.378166666666669,15.926333333333334,16.48966666666667,17.765333333333334,24.763666666666666,18.021166666666662,29.8135,28.785166666666665,22.52433333333333,23.824,30.187166666666663
CAND_0604,9.675666666666666,7.753666666666667,7.624666666666667,1.9746666666666668,8.955166666666665,17.486666666666668,10.976166666666668,12.9385,6.406833333333334,16.112833333333334,14.866166666666668,21.50783333333333,24.3175,19.035833333333336,19.841833333333334,18.87683333333333,21.68083333333333,28.421333333333333,22.185314244738013,33.47116666666667,32.44266666666667,27.223038613461284,27.48166666666667,33.876333333333335
CAND_0605,9.436833333333334,7.301333333333333,7.172333333333333,1.522333333333333,8.502833333333333,17.034333333333333,10.523833333333332,13.392666666666663,6.861000000000001,16.567,15.320333333333334,21.96216666666667,24.771666666666665,19.490166666666667,19.389333333333333,18.4245,21.2285,28.8755,22.188847392471974,33.925333333333334,32.897,27.229599359392616,27.5285,33.650333333333336
CAND_0608,22.886000000000003,17.51516666666667,18.529166666666665,16.852833333333333,15.566666666666666,12.813833333333331,12.4905,8.107000000000001,13.997833333333334,3.18,9.919333333333332,12.398833333333332,15.004666666666669,6.9835,10.245666666666668,10.809,9.595,19.31233333333333,12.569833333333332,24.362166666666667,23.33383333333333,17.073,15.429333333333334,21.824
CAND_0615,14.125333333333334,8.440166666666666,9.768666666666666,9.662333333333333,6.806,9.94,1.0,7.617166666666666,6.137166666666667,14.034166666666666,12.126166666666668,19.516666666666666,21.96633333333333,14.277333333333331,12.740833333333336,11.798,14.579833333333331,26.430166666666665,19.687666666666665,31.48,30.451666666666664,24.19083333333333,20.88,27.001666666666665
CAND_0616,12.091166666666668,5.921833333333334,7.734333333333334,7.628166666666667,4.371333333333333,11.286,2.7878333333333334,8.604166666666666,5.5183333333333335,15.021333333333333,13.113166666666666,20.503666666666668,22.953333333333333,15.264333333333331,13.727833333333333,13.144166666666669,15.566833333333332,27.417166666666667,20.674666666666667,32.467,31.438666666666663,25.177833333333336,21.867,27.988666666666667
CAND_0617,13.978166666666668,10.283666666666669,11.297833333333331,6.714166666666667,8.8235,13.6955,7.346,8.262833333333333,1.7311666666666667,12.9715,11.724833333333333,18.3665,21.176166666666667,15.8945,16.0505,16.613833333333336,17.889499999999998,25.28,18.5375,30.329833333333333,29.3015,23.40207074946244,24.189666666666668,30.311333333333334
CAND_0621,32.01083333333334,26.93616666666667,27.950166666666668,25.126666666666665,24.987666666666662,22.864833333333333,21.9115,16.381,22.271666666666665,13.108333333333333,15.634,9.751166666666668,9.4555,15.885166666666668,20.355166666666666,20.9185,18.811833333333333,5.102833333333334,6.150833333333334,12.0025,13.387166666666667,7.126499999999999,19.26966666666667,25.66433333333333
CAND_0624,27.01183333333333,21.937166666666663,22.951166666666666,20.127666666666663,19.988666666666667,17.865833333333335,16.912666666666667,11.382,17.27283333333333,8.1095,10.774166666666668,2.0011666666666668,9.5275,9.241333333333332,15.356166666666669,15.9195,13.185166666666667,13.173166666666669,6.430666666666666,18.223000000000003,17.1945,10.933833333333332,14.506166666666669,20.90083333333333
CAND_0625,26.42233333333333,21.347666666666665,22.361666666666668,19.538166666666665,19.399166666666662,17.276166666666665,16.323,10.792333333333334,16.68316666666667,7.519833333333334,10.184666666666669,1.5253333333333332,8.937833333333334,8.7655,14.766666666666667,15.329833333333331,12.709333333333332,12.5835,5.840999999999999,17.633333333333333,16.605,10.344166666666666,14.030333333333337,20.425
CAND_0626,38.07633333333333,33.0015,34.01566666666667,31.192,31.053,28.930166666666665,27.977,22.44633333333333,28.33716666666667,19.17383333333333,21.8385,15.816666666666666,19.345666666666663,21.9505,26.4205,26.983833333333333,24.877333333333336,9.623,12.289333333333332,3.3435,5.435666666666666,6.737166666666667,25.40833333333333,31.803
CAND_0627,34.56583333333333,29.49116666666667,30.505166666666664,27.68166666666667,27.542666666666666,25.419666666666668,24.4665,18.93583333333333,24.826666666666664,15.663333333333332,18.328166666666668,12.306166666666666,13.705833333333334,18.440166666666663,22.910166666666665,23.4735,21.36683333333333,4.2295,8.778833333333333,7.802333333333333,9.830833333333334,3.3385,21.89783333333333,28.2925
CAND_0629,38.12566666666667,33.051,34.06516666666667,31.2415,31.102500000000003,28.979666666666667,28.026333333333334,22.495833333333334,28.386666666666667,19.223333333333336,21.888,15.866166666666668,14.799833333333334,22.0,26.47,27.03333333333333,24.92683333333333,5.077166666666667,12.338833333333334,5.883,11.332833333333332,7.047333333333333,25.457833333333333,31.852500000000003
CAND_0634,26.604166666666668,20.482666666666667,23.29883333333333,23.1925,20.336166666666667,17.252,17.260166666666667,16.458666666666666,19.5775,11.695166666666667,16.674166666666668,11.350833333333332,19.19,7.1605,11.016666666666667,12.370833333333334,4.576666666666667,21.4075,14.665166666666666,26.45733333333333,25.429,19.168333333333333,4.522166666666666,10.916833333333331
CAND_0635,21.069166666666668,14.9475,16.942166666666665,16.835833333333333,13.9795,10.895333333333332,10.9035,10.353333333333332,13.220833333333331,6.753,11.732,12.526,16.388166666666667,6.379333333333333,5.291666666666667,5.855,4.192,20.53666666666667,13.794166666666666,25.5865,24.558,18.29733333333333,10.492166666666666,16.613833333333336
CAND_0637,33.86933333333334,27.747666666666664,30.56383333333333,30.4575,27.601333333333333,24.517166666666665,24.525166666666667,23.975,26.842666666666663,19.706833333333336,24.68583333333333,18.081333333333337,24.732333333333333,15.172166666666667,18.28183333333333,19.63583333333333,11.438,25.8925,19.15,30.94233333333333,29.914,23.653166666666667,7.507499999999999,4.4431666666666665
CAND_0638,22.924333333333333,17.279333333333334,18.5675,17.637833333333333,15.605,12.852166666666667,12.528833333333331,8.892,14.582,4.1285,9.1075,9.035666666666666,13.763833333333334,2.889,7.692333333333334,8.255666666666666,6.149,17.912166666666668,11.169666666666666,22.962,21.933666666666667,15.672833333333331,11.334833333333334,17.729499999999998
CAND_0639,23.124333333333333,17.479333333333333,18.7675,17.837833333333332,15.805,13.052166666666666,12.728833333333334,9.092,14.782,4.3285,9.3075,8.929666666666666,13.963833333333334,2.783,7.892333333333334,8.455666666666666,6.349,18.112166666666667,11.369666666666664,23.162,22.133666666666667,15.872833333333334,11.228833333333334,17.6235
CAND_0640,22.821666666666665,17.176666666666666,18.46483333333333,17.535166666666665,15.502333333333333,12.7495,12.426166666666669,8.789333333333333,14.479333333333331,4.025833333333334,9.004833333333332,9.138166666666669,13.661166666666666,2.9916666666666667,7.589666666666667,8.153,6.046333333333333,17.8095,11.067,22.85933333333333,21.831,15.570333333333334,11.4375,17.83216666666667
CAND_0648,18.06083333333333,12.69,13.704,13.597833333333334,10.7415,11.139833333333334,7.665333333333334,2.1348333333333334,6.898666666666667,8.229000000000001,6.2335,13.624,16.073666666666664,11.152,13.413666666666668,13.976833333333332,14.078833333333334,20.5375,14.157750376679159,25.587333333333333,24.560840434636134,19.269413873450357,19.59783333333333,25.9925
CAND_0650,31.026666666666664,24.905166666666663,27.72133333333333,27.615,24.758666666666667,21.6745,21.6825,20.5025,24.0,16.148166666666665,19.89466666666667,10.709833333333334,17.360833333333336,10.9655,15.439166666666669,16.793333333333333,8.595333333333334,18.521,11.7785,23.570833333333333,22.54233333333333,16.281666666666666,6.042666666666666,12.437333333333331
CAND_0653,37.53883333333333,33.283814704416486,34.00480835052897,33.04747168864199,31.369336827509805,28.39283333333333,28.551838161616004,24.633693447422527,28.89843560800145,20.516499990052537,21.419235731131202,15.654455776196828,19.18616666666667,21.413166666666665,25.883166666666668,26.4465,24.34,12.9075,11.752,6.776166666666667,2.4736666666666665,6.199833333333333,24.871,30.886333333333333
CAND_0655,30.009833333333333,23.88833333333333,26.7045,26.598166666666668,23.74183333333333,20.657666666666668,20.665666666666667,20.115666666666662,22.983166666666666,15.8475,20.82633333333333,14.222,20.873,11.312833333333334,14.422333333333334,15.7765,7.5785,22.033166666666663,15.290666666666668,27.083,26.0545,19.79383333333333,3.6481666666666666,7.038166666666667
CAND_0656,7.225833333333333,3.083666666666667,2.869,4.923166666666666,5.297166666666667,13.828666666666669,7.318166666666666,11.060166666666667,7.749833333333333,17.47716666666667,15.569166666666666,22.959666666666667,25.409333333333333,17.720333333333333,15.366166666666668,14.206833333333332,18.02283333333333,29.87316666666667,23.130666666666663,34.923,33.8945,27.793720342154447,24.32283333333333,30.444666666666667
CAND_0658,13.076,7.705166666666667,8.719333333333333,8.613,5.756666666666666,9.03,2.6806666666666668,6.2615,4.998,12.6785,10.7705,18.161,20.610666666666667,12.921666666666663,11.385166666666668,11.948333333333332,13.559561034135468,25.0745,18.332,30.124333333333333,29.096,23.088409879314792,19.524166666666662,25.646
CAND_0659,25.223666666666663,19.102,21.918166666666664,21.812,18.955666666666666,15.8715,15.8795,15.078166666666668,18.197,10.314666666666666,15.2935,9.970333333333334,17.8095,5.78,9.636166666666666,10.990333333333332,4.318833333333333,21.455166666666667,14.712666666666667,26.505,25.4765,19.21583333333333,5.158,11.552666666666664
CAND_0660,26.6095,20.637833333333333,22.252666666666663,21.323,19.290166666666668,16.537333333333333,16.214000000000002,12.577333333333334,18.267166666666665,7.813833333333333,12.792666666666666,8.715166666666667,16.554333333333332,3.279166666666667,11.050833333333332,11.614166666666668,6.2795,20.200166666666668,13.457666666666666,25.24983333333333,24.2215,17.960833333333333,7.653333333333333,14.048
CAND_0661,23.142166666666665,17.771333333333335,18.78533333333333,17.108833333333333,15.822666666666668,13.07,12.746333333333332,8.363166666666666,14.254,1.7851666666666666,8.9535,11.004166666666666,13.609833333333334,5.588666666666667,9.7435,10.306833333333334,8.200166666666666,17.9175,11.175,22.96733333333333,21.939,15.678333333333336,14.0345,20.429166666666667
CAND_0662,31.66166666666667,25.540000000000003,28.356166666666663,28.25,25.393666666666665,22.3095,22.317166666666665,21.7675,24.635,17.499166666666667,22.478166666666667,15.873666666666669,22.524833333333333,12.964666666666666,16.074166666666667,17.428166666666666,9.230333333333334,23.684833333333334,16.942333333333334,28.734666666666666,27.706333333333337,21.445666666666668,5.299833333333334,5.021166666666667
CAND_0663,31.751,26.67633333333333,27.69033333333333,24.86683333333333,24.727833333333333,22.605,21.651333333333334,16.121166666666667,22.01183333333333,12.8485,14.125666666666666,9.228666666666667,6.471,15.625333333333334,20.095333333333333,20.658666666666665,18.552,6.786666666666666,5.9525,13.686166666666669,15.643166666666668,9.3825,18.2095,24.604166666666668
CAND_0664,34.717666666666666,28.596166666666665,31.412333333333333,31.306,28.449666666666666,25.3655,25.37333333333333,24.823500000000003,27.691,20.555333333333333,25.534333333333333,18.92983333333333,25.58083333333333,16.020666666666667,19.130166666666664,20.48433333333333,12.286333333333332,26.741,19.9985,31.79083333333333,29.316333333333333,24.501666666666665,8.356,3.296
CAND_0665,47.88033333333333,42.80566666666667,43.81966666666666,40.99616666666667,40.85716666666666,38.73416666666667,37.78066666666667,32.2505,38.14116666666666,28.977833333333333,31.642666666666667,25.62066666666667,24.55433333333333,31.754666666666665,36.22466666666666,36.788,34.681333333333335,14.831666666666669,22.0935,18.210833333333333,23.660666666666668,17.66783333333333,35.2125,41.60716666666666
CAND_0666,23.531,17.409333333333333,20.2255,20.119333333333334,17.262999999999998,14.178833333333332,14.1865,13.636833333333334,16.50433333333333,9.376666666666669,14.355666666666668,12.323166666666667,19.012,8.132833333333334,7.9435,9.2975,1.946,23.160500000000003,16.418,28.210166666666662,27.181833333333334,20.921166666666668,8.246,14.367833333333332
CAND_0667,28.60983333333333,22.638166666666667,24.253,23.32333333333333,21.2905,18.537666666666667,18.214,14.577666666666666,20.2675,9.814,14.160333333333334,5.2285,13.067666666666666,4.5376666666666665,13.051166666666669,13.6145,8.4815,16.71333333333333,9.971,21.76333333333333,20.73483333333333,14.474166666666669,9.855166666666666,16.249833333333335
CAND_0674,10.508833333333332,6.416333333333333,7.046166666666666,4.462000000000001,5.687166666666667,12.485166666666666,6.1353333333333335,9.7165,4.1065,16.133666666666667,14.2255,21.61616666666667,24.06566666666667,16.37666666666667,14.840166666666669,15.4035,16.679333333333332,28.529666666666667,21.787166666666668,33.5795,32.551,26.290333333333333,22.979333333333333,29.101
CAND_0675,30.54133333333333,25.4665,26.480666666666664,24.419893498011827,23.518,21.395166666666668,20.441666666666663,15.87744827621803,20.80216666666667,11.730960666789413,14.303666666666668,8.281666666666666,12.1885,14.4155,18.88566666666667,19.448833333333333,17.342333333333332,6.520666666666667,4.754333333333333,11.946833333333332,10.918333333333331,4.657666666666667,17.873333333333335,24.268
CAND_0679,7.075333333333333,1.0,4.1530000000000005,6.727666666666667,5.896166666666667,14.262166666666667,7.738666666666666,13.005166666666666,9.695,19.42233333333333,17.514166666666664,24.90483333333333,27.354333333333333,19.665333333333333,13.885833333333332,12.7265,17.31448792681836,31.818166666666663,25.07583333333333,36.868,35.839666666666666,29.579,23.21066666666667,29.3325
CAND_0682,27.899166666666662,21.77766666666667,24.593833333333336,24.4875,21.631166666666665,18.547,18.554666666666662,18.005,20.8725,13.736833333333331,18.715666666666667,11.8345,18.4855,9.202166666666669,12.311666666666667,13.665833333333332,5.467833333333333,19.645666666666667,12.903166666666667,24.6955,23.667166666666667,17.406333333333336,2.8685,9.263166666666669
CAND_0683,30.735166666666665,24.6135,27.429666666666662,27.323500000000003,24.467166666666667,21.383,21.390666666666668,20.841,23.7085,16.581,20.5485,11.363666666666669,18.01483333333333,11.619333333333334,15.147666666666668,16.501833333333334,8.303833333333333,19.17483333333333,12.432333333333334,24.224666666666668,23.19633333333333,16.9355,5.751166666666666,12.145833333333334
CAND_0686,14.771333333333333,10.368833333333331,11.383,7.507333333333333,8.908666666666667,13.780666666666669,7.430833333333334,8.274166666666666,1.8163333333333327,12.305666666666667,11.059,17.700833333333332,20.51033333333333,15.228833333333334,16.135666666666665,16.699,17.974666666666668,24.614166666666662,17.9850733619541,29.664,28.63566666666667,23.035333709298108,23.6745,30.069166666666668
CAND_0687,10.015333333333333,3.430833333333333,7.093,7.620500000000001,3.3861666666666665,13.458166666666669,4.9595,10.758666666666668,7.673,17.175833333333333,15.267666666666663,22.65833333333333,25.10783333333333,17.418833333333335,14.157166666666663,12.997833333333334,17.182000000000002,29.57183333333333,22.82933333333333,34.62166666666667,33.59316666666667,27.3325,23.482166666666668,29.60383333333333
CAND_0689,20.65233333333333,15.2815,16.295666666666666,14.454833333333331,13.333,12.2865,10.256666666666666,4.726333333333333,10.617166666666666,6.258,4.973833333333333,11.653166666666667,14.462833333333332,9.181166666666666,13.651166666666668,14.2145,12.107833333333334,18.566666666666663,11.844326690407248,23.6165,22.588,16.944997834893726,17.627,24.021666666666665
